Member ID,Gender,Title,Forename,Surname,Nino,Date Of Birth,Joining Date,Date Of Death,Status
1,Female,Mrs.,Michele,Potts,ST737015D,1995-02-18,2020-02-02,,Retired
2,Male,Mr.,Jerry,Morris,CD375703C,1953-08-06,1992-02-27,,Active
3,Female,Mrs.,Stephanie,Trevino,CD216525D,1943-01-31,2002-06-21,,Active
4,Female,Mrs.,Catherine,Martin,JK100732A,1921-07-05,1943-09-20,,Retired
5,Female,Dr.,Traci,Sloan,CD775498B,1936-02-21,2009-07-16,,Retired
6,Male,Mr.,Jose,Maldonado,QR187394C,1926-05-19,1960-09-17,1996-04-10,Retired
7,Female,Mrs.,Cassandra,Moyer,ST478947B,1935-11-14,1992-09-17,,Active
8,Female,Mrs.,Megan,Butler,WX891865C,1926-11-01,1985-12-17,,Deferred
9,Female,Ms.,Deborah,Potter,GH508106D,1936-04-30,1965-10-08,,Deferred
10,Female,Miss,Karen,Brewer,JK425441C,2005-03-24,2024-03-23,2024-03-28,Deferred
11,Female,Miss,Deanna,Stewart,CD645532C,1922-04-13,1963-06-30,,Retired
12,Male,Mr.,Alan,Choi,LM638050C,1975-04-24,2003-06-24,,Deferred
13,Male,Mr.,Timothy,Sandoval,CD916821B,1959-05-11,2011-03-18,,Retired
14,Female,Mrs.,Mary,Hart,AB792737A,1930-11-06,1964-02-27,2022-12-14,Retired
15,Male,Dr.,Jason,Doyle,AB920955B,1995-03-23,2019-01-16,,Deferred
16,Female,Mrs.,Tiffany,Salazar,QR767186D,2007-01-14,2025-02-16,,Active
17,Female,Dr.,Jillian,Pollard,CD387148D,1950-01-01,2006-07-18,,Active
18,Male,Mr.,James,Anderson,JK187194B,1998-03-06,2016-05-28,,Deferred
19,Female,Mrs.,Maria,Murray,AB121288C,1926-04-01,1998-11-19,,Active
20,Male,Dr.,David,Alvarado,GH129313B,1982-09-25,2003-11-25,,Active
21,Female,Mrs.,Julie,Boyer,JK427761C,1932-04-18,2001-08-13,,Retired
22,Female,Mrs.,Olivia,Fuller,NP779343B,1982-12-31,2014-01-21,,Active
23,Female,Mrs.,Jessica,Cervantes,JK223543A,1958-05-18,2001-01-17,,Active
24,Male,Mr.,Brandon,Newman,CD891301C,1974-10-23,1996-02-10,,Retired
25,Male,Mr.,Aaron,Ellis,CD428252D,1949-07-17,2015-05-05,,Retired
26,Male,Mr.,David,Mosley,CD695984A,1932-12-24,1992-10-30,,Deferred
27,Female,Dr.,Paula,Holt,GH914803D,1947-01-03,1982-01-24,,Active
28,Male,Mr.,Michael,Johnson,GH668560A,1951-07-08,1973-10-11,,Active
29,Female,Mrs.,Julia,Gamble,QR048812B,1957-07-03,2014-01-14,,Deferred
30,Female,Dr.,Sheila,Smith,ST180729A,1997-02-11,2019-07-19,,Retired
31,Male,Dr.,Craig,Buck,CD419976C,1954-03-01,1982-12-09,1991-10-22,Retired
32,Male,Mr.,John,Vaughn,LM447360A,1916-12-19,1979-01-30,,Active
33,Male,Dr.,David,Rodriguez,GH030487A,1980-01-27,1999-10-27,,Active
34,Female,Dr.,April,Porter,CD003514A,1991-07-11,2016-10-07,,Deferred
35,Female,Dr.,Christina,Nash,CD879998D,1920-11-22,1980-02-27,,Active
36,Female,Mrs.,Nancy,Jackson,ST467846A,1991-07-24,2018-03-18,,Deferred
37,Female,Mrs.,Rebecca,Perez,WX499756D,1946-03-10,1974-12-07,,Active
38,Male,Mr.,Joshua,Sanchez,LM993719B,1964-01-12,1996-07-13,,Deferred
39,Female,Mrs.,Mariah,Sanchez,YZ907269D,1983-01-22,2009-02-04,,Deferred
40,Female,Mrs.,Kayla,Bailey,ST933601D,1920-09-12,1965-12-09,,Deferred
41,Male,Mr.,Blake,Williams,JK217802C,1987-09-03,2017-08-11,,Retired
42,Female,Mrs.,Julie,Moore,YZ291611C,2006-12-08,2024-12-26,,Retired
43,Female,Dr.,Stephanie,Thompson,JK113102C,1949-09-28,1975-10-22,,Active
44,Female,Dr.,Debra,Parker,EF301801C,1920-10-11,1957-10-16,,Retired
45,Female,Ms.,Tracy,Barnes,YZ921739B,1918-06-05,1974-09-29,,Deferred
46,Male,Mr.,Jason,White,AB491889A,1944-08-02,1981-09-15,2015-10-07,Active
47,Female,Mrs.,Jessica,Rice,WX055530D,1979-04-27,2015-11-03,,Active
48,Male,Mr.,Donald,Hogan,GH098623D,1924-07-26,1977-06-20,,Retired
49,Female,Ms.,Laurie,Reeves,GH901690A,1992-07-08,2020-06-23,,Retired
50,Female,Miss,Michelle,Barr,LM967191B,1918-01-11,1945-03-12,,Deferred
51,Female,Dr.,Cynthia,Stafford,CD924556D,1963-01-09,2005-11-10,,Deferred
52,Male,Mr.,Bradley,Cooper,ST643146C,1967-11-20,2023-11-30,,Deferred
53,Male,Dr.,Bruce,Jones,QR029908D,1947-01-02,1973-12-26,,Deferred
54,Male,Mr.,Ryan,Perez,CD590080A,1978-05-01,2001-06-30,,Deferred
55,Female,Mrs.,Kimberly,Bennett,ST620280B,1937-09-14,1979-04-14,,Active
56,Female,Mrs.,Stephanie,Brown,GH778495D,1923-09-02,1945-02-18,,Retired
57,Male,Mr.,Ralph,Chandler,AB944804A,1990-08-23,2024-05-16,,Deferred
58,Male,Mr.,Travis,Townsend,JK540086D,1920-10-21,1976-02-29,,Deferred
59,Female,Dr.,Paula,Combs,LM413139A,1981-05-07,2020-07-20,,Retired
60,Female,Dr.,Amanda,Dillon,ST271082A,1996-09-03,2023-06-06,,Retired
61,Male,Mr.,Isaac,Clarke,GH777917A,1978-02-17,2008-10-05,,Retired
62,Female,Mrs.,Nicole,Townsend,WX269339D,1919-04-05,1953-05-01,1973-03-13,Active
63,Female,Mrs.,Emily,Patton,YZ387382C,1967-12-30,2005-02-24,,Active
64,Male,Mr.,Joseph,Rodriguez,ST819505B,2005-10-17,2024-02-08,,Active
65,Female,Mrs.,Emily,Gross,CD983601C,1995-04-28,2016-03-11,,Deferred
66,Male,Mr.,Samuel,Hayes,LM702555D,1988-09-21,2008-11-14,,Active
67,Female,Mrs.,Brittany,Ellis,WX329116D,1970-05-14,2023-11-21,,Active
68,Male,Dr.,Elijah,York,EF885544D,1917-04-24,1982-12-23,,Deferred
69,Female,Dr.,Ana,Smith,CD940995B,1947-11-16,1973-02-28,,Active
70,Male,Mr.,David,Farmer,AB121612A,1969-04-13,2017-08-07,,Retired
71,Male,Mr.,Matthew,Russell,YZ368719D,1959-02-02,1980-10-06,,Active
72,Female,Mrs.,Sarah,Mccoy,WX898699D,1983-02-18,2019-04-30,2023-04-13,Retired
73,Female,Mrs.,Laura,Hamilton,GH651626A,1944-10-03,1986-07-30,,Retired
74,Male,Mr.,Manuel,Krause,CD298764B,2004-08-15,2024-09-14,,Deferred
75,Female,Dr.,Laura,Cain,EF641767A,1933-03-23,1998-06-20,,Retired
76,Male,Mr.,Robert,Woodard,NP462014D,1980-01-18,2012-07-12,,Deferred
77,Female,Mrs.,Ashley,Juarez,WX961746D,1936-01-18,1999-04-18,,Deferred
78,Male,Dr.,Jason,Blake,ST353996C,1953-03-12,2017-02-19,,Active
79,Female,Miss,Nancy,Diaz,WX737860A,1981-10-11,2002-04-27,,Retired
80,Male,Dr.,Jeffrey,Daniels,CD409920A,2001-04-24,2023-08-15,,Active
81,Female,Miss,Rose,Adkins,EF348650B,1991-04-09,2018-02-12,,Deferred
82,Male,Mr.,Francisco,Harding,YZ342391D,1951-09-01,2002-09-24,,Retired
83,Male,Mr.,Eric,Randall,WX452967A,1996-11-26,2019-12-21,,Deferred
84,Male,Mr.,Jon,Clark,CD008770D,1967-04-17,2024-01-30,,Active
85,Male,Dr.,Kevin,Mccarthy,GH219699D,1927-06-25,1972-06-05,,Retired
86,Female,Mrs.,Angela,Evans,NP464500B,1972-05-01,2007-08-08,,Deferred
87,Male,Mr.,David,Ford,QR120648A,1924-01-06,1976-08-24,,Deferred
88,Male,Mr.,Erik,Chen,LM649997A,1991-08-04,2014-10-14,2024-05-18,Retired
89,Female,Mrs.,Jennifer,Dixon,WX518615B,1966-08-11,1985-10-30,,Deferred
90,Female,Dr.,Kimberly,Ortega,NP198936B,1934-11-07,1985-07-10,,Retired
91,Male,Mr.,Craig,Henry,LM606823A,1964-02-10,1992-05-26,2004-12-30,Retired
92,Female,Mrs.,Melissa,Hughes,CD435780D,1960-09-29,2008-10-18,,Deferred
93,Female,Mrs.,Lauren,Rivera,WX467680C,1925-09-15,1988-05-19,,Retired
94,Female,Dr.,Maria,Valenzuela,JK383435C,1946-05-11,2004-09-20,2008-06-13,Deferred
95,Female,Dr.,Susan,Mosley,AB993051C,1973-11-01,1996-04-08,,Active
96,Female,Mrs.,Emily,Schmidt,NP257756C,1943-11-30,1997-02-22,,Retired
97,Female,Mrs.,Rachel,Gomez,JK100712A,1936-10-31,1955-09-04,,Retired
98,Female,Mrs.,Kelly,Prince,WX890134B,1922-08-06,1953-06-10,,Retired
99,Male,Mr.,Dennis,Becker,QR645590D,1977-04-05,2023-12-22,,Retired
100,Male,Mr.,Jason,Franklin,LM742270B,1948-10-24,2020-01-15,,Active
101,Female,Dr.,Shelia,Rice,QR758514C,1981-04-11,2006-03-12,,Retired
102,Female,Dr.,Alexis,Barnes,JK148729B,1973-10-27,2018-08-05,,Retired
103,Male,Dr.,Peter,Murray,NP061466D,1930-07-29,1994-05-04,,Retired
104,Male,Mr.,Alan,Fowler,QR144128C,1959-08-19,1982-10-30,,Deferred
105,Female,Miss,Susan,Sanders,WX836380B,1987-04-30,2019-07-29,,Retired
106,Male,Mr.,Jay,Hayes,NP657690C,1924-12-03,1956-06-18,,Active
107,Female,Mrs.,Karen,Spencer,QR793892D,1987-06-16,2018-07-08,,Active
108,Male,Mr.,Jonathan,Miller,ST051012B,1918-09-24,1952-09-26,,Active
109,Male,Mr.,John,Garcia,AB528564B,1967-04-24,2004-06-30,,Deferred
110,Male,Mr.,Christopher,Ballard,NP182573B,1954-09-08,1995-05-16,,Active
111,Male,Mr.,Scott,Vargas,QR132388D,1947-04-24,2013-04-16,,Retired
112,Female,Mrs.,Brandy,Smith,WX485227C,2001-12-09,2022-03-21,,Retired
113,Female,Mrs.,Kayla,Taylor,QR830430C,2003-01-23,2024-01-15,,Deferred
114,Male,Mr.,Mark,Wood,EF633984C,1921-09-03,1985-06-12,,Retired
115,Male,Dr.,Austin,Thomas,WX761745A,1967-12-28,1994-07-21,,Deferred
116,Male,Dr.,Tyler,Harrington,CD004647D,1973-09-19,2008-02-12,2015-10-11,Deferred
117,Male,Dr.,Jack,Boone,WX159911B,1924-01-31,1942-03-25,1964-04-20,Active
118,Male,Mr.,Steve,Holmes,AB010556C,1990-08-22,2020-02-08,,Retired
119,Female,Mrs.,Melissa,Elliott,QR621224A,2005-04-16,2023-11-24,,Retired
120,Male,Mr.,William,Johnson,NP956085A,1924-02-03,1946-02-19,,Active
121,Male,Dr.,Anthony,Smith,GH597262B,1937-05-22,1968-01-04,,Deferred
122,Female,Mrs.,Andrea,Aguirre,EF538672A,1988-12-15,2016-06-11,,Active
123,Male,Mr.,Andrew,Dalton,LM797864C,1996-03-28,2018-02-03,,Active
124,Female,Mrs.,Lauren,Robinson,CD043376A,2001-07-28,2020-11-06,,Active
125,Male,Mr.,James,Lowe,CD873484B,1931-06-29,1996-09-22,,Deferred
126,Male,Mr.,Derek,Garcia,YZ073533C,1952-11-07,2009-09-07,,Active
127,Male,Mr.,Daniel,Jones,JK514228B,1932-03-11,1955-03-18,1998-07-18,Active
128,Male,Mr.,Jacob,Stewart,CD846558D,1951-09-29,2005-09-21,,Deferred
129,Female,Miss,Katie,Rodriguez,YZ455369C,1976-10-28,2023-02-26,,Deferred
130,Female,Mrs.,Tammy,Jackson,NP463182A,1927-08-05,1996-02-22,,Deferred
131,Male,Dr.,Nathan,Brown,ST352520A,1981-04-01,2015-03-09,,Deferred
132,Female,Miss,Kerri,Gonzales,AB179136A,1956-02-22,2016-10-26,,Retired
133,Male,Mr.,Casey,Robinson,LM784258D,1971-10-02,2012-09-16,,Active
134,Male,Dr.,Jonathan,Cole,CD188619D,1956-08-03,1989-09-08,,Retired
135,Female,Mrs.,Mary,Brown,EF549921D,1964-09-20,2019-08-25,,Deferred
136,Female,Mrs.,Rebecca,Butler,AB241284C,1932-11-26,2003-05-20,,Active
137,Female,Ms.,Sarah,Anderson,CD825019C,1950-03-01,1981-08-09,,Deferred
138,Female,Dr.,Tracy,Murphy,GH734907B,1978-01-31,1997-12-10,2011-12-23,Active
139,Female,Dr.,Wendy,Meyer,AB612445B,1991-04-26,2012-10-12,,Retired
140,Male,Dr.,Sean,Wolfe,AB274693B,1963-08-12,2006-09-21,2016-04-01,Deferred
141,Female,Mrs.,Beth,Carr,WX432940C,1956-01-21,2008-03-30,,Deferred
142,Female,Mrs.,Linda,Montgomery,NP791655A,1980-08-28,2018-01-12,,Deferred
143,Male,Mr.,Richard,Pierce,EF226237C,1982-04-28,2015-01-08,,Retired
144,Female,Mrs.,Courtney,Morrison,YZ744071D,1946-03-03,2010-04-06,,Deferred
145,Male,Mr.,David,Curry,JK892785A,1982-04-17,2024-05-15,,Retired
146,Female,Dr.,Morgan,Velez,ST986682A,1944-05-06,1993-12-20,,Retired
147,Male,Mr.,Timothy,Carpenter,EF003675B,1998-03-23,2018-02-23,,Retired
148,Female,Mrs.,Deborah,Price,EF605080C,2003-08-14,2023-02-21,,Active
149,Female,Dr.,Emma,Newton,EF909884B,1950-12-10,2000-10-10,,Active
150,Female,Dr.,Sheryl,Miller,NP722857B,1919-11-05,1974-01-08,,Retired
151,Male,Mr.,David,Mosley,WX878169C,1949-01-14,2000-04-13,,Retired
152,Male,Mr.,Todd,Jones,NP220499A,1945-11-02,2008-03-03,,Active
153,Male,Dr.,David,Anderson,YZ627485B,1948-10-02,1996-01-22,,Active
154,Female,Mrs.,Katherine,Harmon,AB203963A,1941-01-11,1971-02-05,2008-07-03,Active
155,Female,Mrs.,Alyssa,Compton,LM018366B,1941-02-20,1976-02-24,,Deferred
156,Female,Mrs.,Becky,Wood,LM583442A,1944-09-15,1999-11-25,,Deferred
157,Female,Mrs.,Paula,Mosley,NP689642A,2000-03-26,2023-02-04,,Retired
158,Male,Dr.,Thomas,Green,EF796741B,1948-02-14,1984-04-14,,Deferred
159,Female,Mrs.,Heather,Davis,JK366854D,1993-12-24,2018-12-12,,Active
160,Female,Dr.,Laura,Parker,QR112163C,1990-02-19,2011-04-06,,Deferred
161,Male,Mr.,Isaac,Henson,AB893444A,1997-01-11,2022-01-13,,Deferred
162,Female,Mrs.,Donna,Owens,QR906637C,2002-07-02,2022-11-20,,Retired
163,Female,Mrs.,Ashley,Dunn,WX592670B,1929-03-22,1974-03-22,,Deferred
164,Female,Ms.,Cristina,Harrell,CD226111A,1949-10-22,2001-04-07,,Deferred
165,Female,Dr.,Jamie,Rodriguez,CD594597C,1983-05-17,2001-05-29,,Active
166,Female,Mrs.,Brittney,Jones,WX710359B,1976-03-21,2019-04-30,,Retired
167,Male,Mr.,Robert,White,QR034902B,1975-10-17,1999-11-06,,Active
168,Male,Mr.,Richard,Wagner,JK092270C,1969-03-24,2008-11-17,2018-10-03,Retired
169,Male,Mr.,Joshua,Long,JK135231C,1944-05-01,2016-12-26,,Retired
170,Female,Dr.,Patricia,Montes,GH406659A,2006-12-16,2024-12-24,,Deferred
171,Male,Dr.,Jason,Barber,QR504436A,1965-03-12,2009-01-13,,Active
172,Male,Mr.,Andrew,Mcgrath,GH586866D,1942-03-25,2004-01-01,,Retired
173,Female,Dr.,Brittany,Chavez,CD584446B,1946-01-11,2009-11-28,,Active
174,Female,Dr.,Jessica,Perry,WX946227B,1927-08-31,2000-01-22,,Active
175,Male,Mr.,Bradley,Roy,ST442100B,1974-01-30,2010-04-24,,Deferred
176,Female,Dr.,Kelly,Gilbert,LM860143D,2007-02-19,2025-02-19,,Deferred
177,Female,Mrs.,Morgan,Sanchez,JK319860A,1957-04-23,1978-05-07,,Active
178,Male,Dr.,Robert,Allen,NP156642D,1999-08-07,2024-02-03,,Active
179,Female,Mrs.,Elizabeth,Reid,QR148326D,1987-01-13,2020-08-16,,Retired
180,Male,Dr.,Joseph,Evans,QR542083A,1936-06-02,1980-10-14,,Active
181,Male,Dr.,Chad,Rodriguez,JK842948D,1933-04-02,1967-09-27,,Deferred
182,Female,Ms.,Carol,Meadows,AB602393C,1962-10-31,2021-05-11,,Deferred
183,Male,Dr.,Thomas,Dudley,JK143630B,1963-01-21,2001-04-15,,Retired
184,Male,Dr.,Gary,Vargas,YZ607592A,1977-02-05,1995-07-18,,Deferred
185,Female,Mrs.,Pamela,Davis,AB935642A,1984-07-20,2020-03-24,,Deferred
186,Female,Dr.,Sabrina,Sanchez,GH142408A,1918-09-17,1953-10-15,2002-07-02,Retired
187,Female,Mrs.,Melissa,Johnson,LM163937B,1923-06-03,1992-03-06,2010-07-01,Retired
188,Female,Dr.,Miranda,Robbins,YZ398869B,2005-11-14,2024-09-26,,Active
189,Female,Mrs.,Sara,Reed,GH652418A,1989-11-20,2023-01-28,2024-10-13,Active
190,Female,Ms.,Sharon,Ewing,LM724183C,1983-11-20,2022-10-15,,Deferred
191,Male,Mr.,Eric,Lopez,QR610322A,1965-06-27,2021-12-01,2023-04-11,Active
192,Female,Dr.,Diane,Martin,AB485088A,1983-03-19,2020-11-10,,Deferred
193,Male,Mr.,Todd,Orozco,NP164430B,2004-10-24,2023-05-26,,Deferred
194,Female,Mrs.,Lisa,Woods,CD901648C,1945-06-06,1985-09-06,,Deferred
195,Male,Dr.,Ricky,Brennan,GH319178B,1985-04-17,2015-06-01,,Deferred
196,Male,Mr.,Nathaniel,Atkins,EF573715B,1968-05-14,1997-03-04,,Retired
197,Female,Ms.,Kimberly,Hardin,CD380008B,1962-01-19,1999-04-23,2017-03-26,Retired
198,Female,Ms.,Latoya,Santana,QR409853A,1930-08-17,1958-11-20,,Deferred
199,Female,Mrs.,Chelsey,Davis,QR412931B,1958-11-03,2009-06-18,,Retired
200,Male,Mr.,George,Serrano,EF455412C,1947-07-19,1989-07-06,,Active
201,Female,Mrs.,Raven,Perez,AB636317D,1929-05-20,1985-01-25,,Retired
202,Male,Mr.,Michael,Morris,LM662561D,1977-12-05,2022-06-01,,Deferred
203,Male,Mr.,David,Williamson,WX642388B,1975-05-01,1997-09-28,,Retired
204,Male,Dr.,Stephen,Thomas,LM165410B,1976-02-02,1999-02-24,,Retired
205,Female,Mrs.,Heather,Butler,EF041220B,1943-03-11,2011-10-31,,Active
206,Female,Mrs.,Stephanie,Santos,AB781133D,1970-04-06,2015-01-02,,Retired
207,Male,Dr.,Patrick,Carter,NP169799C,1982-11-29,2020-08-14,,Active
208,Female,Ms.,Linda,Wallace,LM963388B,1950-02-02,2004-10-13,,Active
209,Male,Mr.,Alexander,Chapman,LM943787A,1923-02-27,1980-09-10,,Active
210,Male,Mr.,Scott,Roberts,YZ269140D,1919-05-17,1986-09-18,,Deferred
211,Female,Ms.,Kayla,Gonzalez,NP006897D,1973-05-18,2015-02-24,,Retired
212,Female,Mrs.,Jennifer,Lee,EF282667C,2002-07-23,2023-05-15,,Active
213,Female,Dr.,Amy,Scott,ST383390B,1982-03-26,2011-08-28,,Active
214,Male,Mr.,John,Willis,AB557374A,1976-09-23,2000-05-21,,Deferred
215,Female,Mrs.,Madeline,Alexander,JK549747C,1923-07-04,1985-05-21,,Active
216,Female,Dr.,Wendy,Wallace,NP803198A,1940-07-16,1996-09-17,,Active
217,Female,Mrs.,Mary,Fischer,ST392340B,1957-08-05,2025-02-18,2025-02-21,Retired
218,Female,Dr.,Jennifer,Newman,ST684783C,1952-09-22,1993-05-05,,Retired
219,Female,Dr.,Melissa,Larson,NP793928D,1947-07-29,1965-11-07,,Retired
220,Male,Mr.,Jeffrey,Peterson,ST860386D,1915-10-02,1965-02-04,,Active
221,Female,Mrs.,Sonya,Griffin,WX192883A,1996-08-31,2018-01-06,,Retired
222,Male,Mr.,Jason,Stuart,NP948998C,1986-09-09,2005-03-24,,Active
223,Male,Mr.,Zachary,Gonzalez,GH316086B,1991-04-03,2013-02-07,,Deferred
224,Male,Dr.,Pedro,Ford,NP778956B,1970-12-01,2017-08-19,,Active
225,Female,Mrs.,Maria,Cruz,JK741886A,1976-04-29,2022-08-31,,Deferred
226,Male,Mr.,Daniel,Mcdowell,ST126532A,1963-08-24,2010-02-07,,Retired
227,Male,Dr.,Todd,Edwards,GH866090A,1996-08-21,2019-10-07,,Retired
228,Male,Dr.,John,Forbes,QR629029B,1918-12-31,1959-02-04,,Active
229,Male,Dr.,Jeffery,Reyes,EF782006A,1964-03-18,1997-05-15,,Retired
230,Female,Dr.,Angelica,Mcbride,NP560551C,1917-12-13,1971-12-27,,Active
231,Female,Ms.,Sierra,Matthews,QR452072A,1984-02-22,2004-09-08,,Retired
232,Female,Ms.,Natasha,Pena,JK493890D,1988-06-02,2006-09-07,,Active
233,Female,Mrs.,Suzanne,Howell,NP701371C,1937-07-17,1971-05-04,,Retired
234,Male,Dr.,Michael,Warren,CD331163B,1978-02-21,2009-01-19,,Deferred
235,Male,Mr.,Cody,Martin,WX949591D,1996-09-28,2016-10-28,,Deferred
236,Male,Mr.,Juan,Berg,YZ285090A,1919-03-14,1983-10-24,,Active
237,Male,Dr.,George,Wade,NP026393A,1942-10-21,2007-12-10,,Retired
238,Male,Dr.,James,Gardner,NP719051C,1950-05-06,1995-12-02,,Retired
239,Male,Mr.,Donald,Dodson,LM439568D,1951-01-16,2019-09-03,,Retired
240,Female,Mrs.,Teresa,Williams,ST600957A,1925-07-17,1989-05-03,,Active
241,Female,Ms.,Chelsea,Cantu,LM439490B,1976-11-03,2017-04-06,,Deferred
242,Female,Miss,Hannah,Mann,WX578795D,1973-09-28,2012-04-14,,Active
243,Male,Mr.,Terry,Myers,QR217437C,1943-07-31,1962-11-13,,Retired
244,Female,Dr.,Patricia,Torres,WX407297C,1970-08-26,2016-10-27,,Active
245,Male,Dr.,Hunter,Woods,AB259560C,1988-10-07,2022-07-21,,Active
246,Female,Mrs.,Nicole,Briggs,QR350458B,1974-10-23,1998-01-09,,Deferred
247,Female,Dr.,Abigail,Bell,YZ919193A,1957-01-05,1975-09-23,,Retired
248,Female,Dr.,Ana,Boyle,CD700114D,1999-01-17,2018-06-19,,Deferred
249,Male,Mr.,James,Swanson,LM804432B,1939-10-15,2003-09-21,,Retired
250,Female,Mrs.,Michaela,Ball,ST824830D,1943-12-28,1968-07-29,2015-01-25,Deferred
251,Female,Mrs.,Sandra,Ramirez,EF747201C,2005-02-15,2023-03-09,,Deferred
252,Female,Mrs.,Jennifer,Bernard,EF786257B,2004-04-20,2023-04-28,,Active
253,Male,Dr.,Kevin,Summers,NP166261A,1965-09-18,1994-08-15,,Active
254,Female,Mrs.,Raven,Moore,QR898032D,1926-01-26,1981-09-03,,Active
255,Male,Mr.,Dustin,Cook,ST723130A,1919-09-05,1960-11-08,,Deferred
256,Male,Mr.,Thomas,Gaines,NP241968A,1957-09-21,2021-10-07,,Deferred
257,Female,Mrs.,April,Thompson,NP002940A,1958-09-19,1994-04-06,,Retired
258,Male,Mr.,James,Gates,AB862436B,2002-07-13,2024-03-19,,Active
259,Female,Mrs.,Jessica,Parker,QR133121C,1938-03-17,1964-01-21,,Active
260,Female,Dr.,Erin,Combs,JK495410B,1954-11-25,2018-03-13,,Retired
261,Male,Mr.,Donald,Padilla,CD848048A,1983-06-16,2012-12-01,2013-08-22,Deferred
262,Female,Miss,Mary,Davila,JK294851D,1974-09-30,2004-09-03,,Retired
263,Male,Dr.,Brian,Daniels,QR437398B,1948-04-07,2019-09-09,,Deferred
264,Female,Mrs.,Carolyn,Daniel,EF730616B,2004-10-29,2023-12-05,,Deferred
265,Female,Mrs.,Susan,Brock,GH964268D,1926-09-21,1955-01-29,,Deferred
266,Male,Dr.,Luke,Hanna,JK420906B,1921-02-03,1987-07-16,,Active
267,Female,Mrs.,Nicole,Hamilton,AB528324D,1983-09-12,2023-06-19,,Active
268,Female,Mrs.,Christine,Cardenas,WX585496D,1931-07-28,1966-01-22,,Retired
269,Male,Mr.,Gary,Blake,GH363818C,1950-05-07,2003-06-27,,Deferred
270,Female,Ms.,Sharon,King,GH364613C,1990-09-01,2022-09-12,2024-01-15,Retired
271,Male,Mr.,Kevin,Bryant,ST032697B,1998-08-14,2024-02-24,,Retired
272,Male,Dr.,James,Grant,CD550486A,2006-07-06,2024-10-27,,Active
273,Male,Mr.,Christopher,Fletcher,WX670131D,1998-09-07,2018-07-17,,Active
274,Female,Dr.,Sherri,Curry,NP038652D,1977-02-21,2010-07-02,,Active
275,Female,Mrs.,Bonnie,Hodges,GH030596D,2000-02-03,2022-03-26,,Active
276,Male,Dr.,Jonathan,Perez,LM669425A,2005-09-07,2024-01-07,,Active
277,Female,Dr.,Jill,Stephens,JK250756B,1956-08-12,2014-01-25,,Active
278,Female,Mrs.,Ashley,Sharp,GH317194A,1970-09-12,2019-01-21,,Deferred
279,Male,Mr.,Jesse,Guerrero,CD479070C,1997-12-07,2018-06-26,,Active
280,Female,Mrs.,Angela,Reed,WX163158D,2004-10-08,2022-12-02,2023-02-12,Deferred
281,Male,Mr.,James,Lewis,ST242541A,1972-09-05,2014-04-09,,Retired
282,Female,Dr.,Brandi,Potter,CD064021A,1932-12-13,1952-01-14,,Active
283,Female,Dr.,Jennifer,Clark,CD590389C,1984-05-04,2015-03-16,,Retired
284,Female,Mrs.,Amy,Green,NP984375C,2005-12-29,2024-09-21,,Active
285,Female,Dr.,Lydia,Murphy,GH952745D,1938-02-17,1972-04-24,,Retired
286,Male,Mr.,Nathan,Cooley,YZ884376D,1933-12-30,1992-07-08,,Active
287,Male,Dr.,Benjamin,Butler,YZ405052D,1941-04-15,1961-11-10,,Active
288,Male,Mr.,Thomas,Odom,JK954763A,2006-07-29,2024-12-22,,Active
289,Male,Mr.,Robert,Martinez,GH449836C,1926-10-27,1975-06-22,,Active
290,Female,Mrs.,Megan,Sims,AB982149C,1925-10-01,1954-06-11,,Retired
291,Female,Mrs.,Danielle,Cabrera,EF472880C,1988-08-11,2016-10-06,,Deferred
292,Male,Mr.,Thomas,Mendoza,CD525108A,1949-12-27,1996-05-23,,Active
293,Male,Mr.,Edward,Lin,ST163363C,1961-03-04,2024-01-27,,Active
294,Female,Mrs.,Lisa,Tran,CD584122C,1919-01-02,1987-09-28,,Active
295,Male,Dr.,Edward,Wade,JK007717D,1998-10-08,2024-11-04,,Active
296,Male,Dr.,Dale,Jackson,EF137770A,2000-05-13,2020-06-02,,Deferred
297,Male,Mr.,Gregg,Ingram,ST414938C,1993-08-19,2013-12-25,,Active
298,Male,Mr.,David,Vasquez,ST021589A,1972-10-19,2002-11-12,2008-06-21,Deferred
299,Male,Mr.,Nathan,Sherman,WX999390B,1978-03-31,2014-10-27,,Retired
300,Male,Mr.,David,Rios,WX425671D,1929-02-16,1969-04-18,,Active
301,Male,Mr.,Samuel,Porter,WX958686A,1999-09-04,2024-09-15,,Retired
302,Female,Mrs.,Leah,Hardy,GH220175B,1991-02-09,2016-04-23,,Active
303,Male,Mr.,Keith,Long,AB039256B,1916-08-21,1953-12-22,,Retired
304,Female,Mrs.,Carol,Benson,QR407402C,1977-10-02,2006-10-03,,Deferred
305,Female,Miss,Kristine,Marquez,NP769818A,1942-05-19,1999-08-06,,Retired
306,Female,Dr.,Felicia,Scott,QR987236A,1920-10-14,1962-05-11,2012-11-09,Retired
307,Female,Mrs.,Diana,Davis,JK268286C,1926-02-15,1976-11-16,,Retired
308,Female,Mrs.,Kathryn,Rice,AB073585A,1931-02-27,1987-06-12,,Deferred
309,Female,Mrs.,Alisha,Figueroa,NP605874A,2001-02-02,2024-03-15,2024-05-06,Retired
310,Male,Mr.,Michael,Stanley,NP082775D,1932-12-09,2004-08-14,,Active
311,Male,Dr.,Christopher,Burton,NP397219A,1961-08-28,2005-02-28,2019-12-13,Retired
312,Male,Mr.,Kevin,Mitchell,YZ131084A,1982-03-06,2001-02-19,,Retired
313,Male,Mr.,Joshua,Jones,YZ547645C,1919-07-12,1982-04-19,,Retired
314,Male,Mr.,Vincent,Henry,EF850906D,1979-09-24,2020-07-11,,Deferred
315,Male,Mr.,Arthur,Mcguire,QR586628A,1969-12-17,2010-10-03,,Active
316,Female,Mrs.,Janet,White,YZ819622B,2000-11-09,2019-09-25,,Active
317,Female,Mrs.,Michelle,Hayden,YZ571084C,1974-02-24,2006-02-03,,Deferred
318,Female,Mrs.,Erin,Perez,YZ819708B,1944-08-28,1970-03-28,,Retired
319,Female,Mrs.,Paula,Lopez,LM949495D,1989-06-23,2008-10-23,,Deferred
320,Female,Ms.,Nancy,Fowler,JK107725C,2002-08-28,2022-10-14,,Deferred
321,Female,Mrs.,Leslie,Brown,QR219472B,1941-08-29,1982-11-15,1991-08-02,Active
322,Female,Mrs.,Mary,Neal,EF122371B,1938-01-13,2002-07-10,,Deferred
323,Female,Mrs.,Erin,Owens,NP270050D,1984-11-26,2019-07-19,,Active
324,Male,Dr.,David,Morton,JK346645B,1939-01-05,2011-02-06,2020-12-06,Active
325,Female,Dr.,Margaret,Robertson,JK281123D,1956-05-05,1982-10-17,,Deferred
326,Male,Mr.,David,Jones,QR202060A,1974-10-09,1997-09-23,,Active
327,Male,Mr.,Adam,Bell,GH577376D,1951-08-24,2003-11-25,,Retired
328,Female,Dr.,Ashley,Long,AB929861A,1933-12-24,1969-03-06,,Retired
329,Male,Dr.,Daniel,Nguyen,JK389690D,1942-11-04,1973-02-15,,Deferred
330,Female,Dr.,Heather,King,GH360002A,1963-03-04,1991-12-14,,Deferred
331,Male,Dr.,Alexander,Reed,JK682726A,1917-12-19,1944-07-16,,Retired
332,Female,Mrs.,Cynthia,Miller,EF730182D,1970-02-12,2010-05-25,,Retired
333,Female,Mrs.,Brandy,Owens,AB696340B,1941-04-28,1991-05-07,,Deferred
334,Male,Mr.,Robert,Craig,ST593221B,1945-07-15,1983-08-30,,Retired
335,Male,Mr.,Thomas,Hernandez,AB671896C,1970-02-02,2003-01-20,,Deferred
336,Male,Mr.,Jose,Williams,QR388094B,1947-10-06,2015-04-26,,Deferred
337,Female,Mrs.,Terri,Cox,QR873172B,1990-10-22,2014-12-07,,Retired
338,Female,Mrs.,Alexandra,Robinson,AB354180C,1956-12-14,1999-06-11,,Active
339,Female,Mrs.,Jordan,Goodwin,ST622654B,1954-08-05,1994-10-26,,Deferred
340,Male,Dr.,Jesse,Garcia,LM217831A,1916-05-01,1989-02-11,,Active
341,Male,Mr.,David,York,WX737390D,1948-12-02,1983-12-31,,Active
342,Female,Mrs.,Lauren,Lee,QR620504A,1995-12-01,2023-05-28,,Active
343,Male,Mr.,Andre,Benitez,QR051297C,1951-07-08,1998-12-15,,Active
344,Female,Mrs.,Maria,Hopkins,GH548798D,1944-07-17,2018-03-06,,Retired
345,Male,Mr.,Michael,Roman,LM216302C,1947-11-29,1997-06-25,,Deferred
346,Male,Dr.,Mark,Gibson,CD006657A,1937-05-20,1995-05-02,2007-04-06,Deferred
347,Female,Miss,Katherine,Martinez,CD644113C,1969-07-31,2023-09-08,,Active
348,Female,Mrs.,Jamie,Martinez,CD658721A,1956-03-16,1991-01-05,,Deferred
349,Male,Dr.,James,Hill,GH303757B,1947-03-04,2003-09-08,,Retired
350,Female,Dr.,Maria,Rice,EF211828A,1960-06-27,1985-11-18,,Retired
351,Male,Dr.,Ricky,Hutchinson,QR045023B,1918-12-07,1991-09-01,,Deferred
352,Male,Mr.,Todd,Garrison,ST594310D,1997-02-15,2020-02-19,,Deferred
353,Female,Mrs.,Christina,Garcia,YZ574240D,1976-11-05,2009-02-05,,Deferred
354,Male,Dr.,Steven,Cox,CD559624C,1971-10-28,2023-02-12,,Deferred
355,Male,Mr.,Robert,Moses,GH707385B,1946-03-10,1990-03-17,,Active
356,Male,Mr.,Michael,Andrews,GH324196A,1935-06-13,1982-12-09,,Active
357,Male,Mr.,John,Wilson,QR951897A,1947-09-19,2009-01-20,,Deferred
358,Female,Dr.,Rebecca,Mckee,NP644042A,1976-04-11,2018-08-21,,Deferred
359,Male,Mr.,Timothy,Briggs,NP294162A,1928-02-11,1955-11-07,,Active
360,Male,Mr.,Daniel,Lynch,YZ347626B,1976-08-04,2003-02-18,,Active
361,Female,Ms.,Melissa,Huff,JK701933B,1986-04-23,2015-10-28,,Retired
362,Female,Mrs.,Lisa,Aguilar,CD980362B,1934-04-07,1990-11-22,,Retired
363,Male,Dr.,Adrian,Horne,EF664184B,1980-03-29,2007-07-17,,Active
364,Male,Mr.,Jeffrey,Barker,LM302065B,1996-11-06,2022-06-04,,Deferred
365,Female,Mrs.,Jessica,Hughes,ST287886C,1954-01-29,2019-10-07,2022-08-19,Retired
366,Male,Mr.,Peter,Summers,WX147287B,1949-07-08,2022-07-08,,Deferred
367,Male,Mr.,Daniel,Meyer,GH067626B,1952-11-24,1997-12-31,,Active
368,Female,Ms.,Tiffany,Crawford,WX337698B,1921-02-22,1979-09-22,,Deferred
369,Female,Miss,Jacqueline,Brown,WX274773D,1963-09-10,2024-09-06,,Deferred
370,Male,Dr.,Greg,Garrett,YZ320712C,1925-03-16,1967-07-25,,Deferred
371,Female,Mrs.,Kimberly,Ward,AB345487A,1997-09-19,2020-12-15,,Active
372,Male,Mr.,Larry,Sanchez,NP169219A,1970-10-25,2006-05-10,,Deferred
373,Male,Mr.,Jonathan,Barnes,WX010184D,1958-11-26,1989-09-26,,Active
374,Male,Mr.,James,Wilson,WX197584D,1946-09-24,2000-03-22,,Active
375,Female,Ms.,Michelle,Gutierrez,YZ388443C,2005-07-12,2023-11-25,,Deferred
376,Female,Dr.,Bethany,Harris,LM335728A,1957-04-04,2024-09-02,,Deferred
377,Female,Ms.,Tanya,Foster,ST415926D,1983-08-29,2021-11-08,2021-11-30,Active
378,Male,Mr.,Rick,Smith,JK440435C,1925-05-22,1946-07-14,,Active
379,Female,Ms.,Alexandra,Gonzales,QR199443B,1937-08-23,1989-03-27,,Deferred
380,Male,Mr.,Douglas,Francis,CD251127C,1919-09-30,1974-07-13,,Retired
381,Female,Ms.,Vickie,Wilcox,LM481699A,1940-12-06,2003-05-31,,Deferred
382,Male,Mr.,Christopher,Hays,ST509548D,1927-05-16,1978-04-21,,Deferred
383,Male,Mr.,Jonathan,Kidd,NP145438B,1983-09-12,2014-06-02,,Deferred
384,Female,Mrs.,Jamie,Johnson,YZ264345A,1996-05-02,2015-03-25,,Retired
385,Female,Mrs.,Debra,Griffin,CD468258C,1959-12-25,1990-11-11,,Active
386,Male,Mr.,Allen,Jacobs,EF312517C,1994-02-11,2023-11-23,,Active
387,Female,Mrs.,Brianna,Stewart,CD361449A,1995-11-26,2013-12-27,,Retired
388,Male,Mr.,Brian,Wilson,CD505560B,1930-04-10,1958-12-02,,Deferred
389,Male,Mr.,Steve,Cox,LM535227D,1982-01-22,2001-09-18,2008-05-04,Deferred
390,Female,Mrs.,Danielle,Hull,AB534590A,2003-10-09,2024-11-27,,Retired
391,Male,Mr.,Jacob,Ayala,AB777303C,1967-04-20,1997-05-05,,Deferred
392,Female,Ms.,Gabrielle,Mueller,YZ594769A,1959-12-21,1991-01-10,,Active
393,Female,Miss,Kayla,Wright,EF574116B,1923-05-29,1956-07-20,,Active
394,Male,Dr.,Thomas,Harrison,EF205836D,1983-04-23,2017-01-30,,Retired
395,Female,Mrs.,Jill,Escobar,ST596046B,1979-10-30,2000-09-05,,Retired
396,Male,Dr.,Mark,Walker,NP002791D,1931-12-25,1966-11-25,,Retired
397,Female,Dr.,Cindy,Thomas,WX762564A,1984-12-06,2022-11-20,,Retired
398,Male,Dr.,Andrew,Lyons,QR571853A,1926-10-24,1974-08-31,2024-08-03,Retired
399,Male,Dr.,Steven,Olsen,LM423487A,2003-02-19,2024-05-20,,Deferred
400,Female,Mrs.,Debbie,Anderson,WX972488D,1935-06-15,1986-07-28,,Deferred
401,Male,Mr.,Gabriel,Long,EF947247B,1941-06-29,1991-11-21,,Retired
402,Female,Mrs.,Lisa,Phillips,JK952391A,1934-03-16,1970-11-06,,Active
403,Female,Miss,Lisa,Wilcox,ST901162A,1990-11-02,2009-02-07,,Active
404,Male,Dr.,Jeremy,Owen,LM400924C,2004-04-10,2023-11-05,,Deferred
405,Male,Mr.,Timothy,Anderson,YZ902301A,1981-12-01,2021-01-17,,Retired
406,Male,Mr.,John,Navarro,AB046467A,1977-02-05,2016-11-12,,Active
407,Female,Dr.,Michelle,Martin,YZ938296C,1975-08-09,1975-08-08,,Active
408,Female,Mrs.,Tracey,Schwartz,ST144840B,1932-01-07,1987-04-26,2008-04-05,Retired
409,Male,Dr.,Philip,Hammond,QR640472A,1927-01-02,1987-10-11,,Deferred
410,Female,Miss,Courtney,Jenkins,LM026470D,1917-04-22,1941-06-04,,Deferred
411,Male,Dr.,James,Hart,GH391583D,1916-11-11,1950-07-03,,Retired
412,Male,Mr.,Robert,Taylor,EF856723D,1922-01-04,1957-11-04,,Active
413,Female,Mrs.,Sandra,Robertson,QR260509A,1985-05-21,2011-06-07,,Retired
414,Male,Dr.,Joseph,Cox,LM875654B,1935-09-19,1998-07-06,2002-09-04,Active
415,Male,Mr.,Richard,Sanchez,QR929764C,1948-02-18,1972-08-20,,Active
416,Female,Mrs.,Amanda,Valencia,AB106091D,1932-05-15,1985-11-14,,Retired
417,Female,Mrs.,Emily,Wilkerson,QR068091C,1962-03-21,2012-06-27,,Retired
418,Female,Dr.,Nicole,Bailey,YZ884827D,1916-05-07,1989-01-24,,Deferred
419,Female,Mrs.,Sherry,Stanley,NP792817A,1941-04-01,2013-12-20,,Active
420,Male,Dr.,Gregory,Logan,YZ780040A,1931-05-31,1981-02-28,,Retired
421,Male,Dr.,Christopher,Jones,LM264481B,1974-12-05,2012-10-30,2019-11-29,Deferred
422,Female,Dr.,Sherry,Gomez,JK710139D,1947-05-06,2016-07-20,,Retired
423,Female,Mrs.,Karen,Deleon,YZ435898A,1958-09-15,2017-02-26,,Retired
424,Female,Mrs.,Lindsay,Mitchell,CD796526A,1946-04-14,1975-08-25,,Retired
425,Male,Mr.,Craig,Hill,WX461310A,1923-04-15,1992-01-22,,Deferred
426,Female,Dr.,Lindsey,Ford,ST219298A,1926-01-24,1991-09-17,,Deferred
427,Female,Ms.,Melissa,Lamb,YZ347421C,1931-09-15,1991-12-07,,Deferred
428,Female,Dr.,Amy,Garcia,JK322034C,1964-11-10,1999-09-21,,Active
429,Male,Mr.,Christopher,Bell,EF895211D,1988-06-24,2010-04-04,,Active
430,Female,Miss,April,Thomas,LM716001D,1972-09-14,2013-10-27,2019-10-22,Retired
431,Female,Dr.,Karen,Mathews,LM464450B,1930-08-24,1972-09-23,,Active
432,Female,Mrs.,Brandi,Moon,YZ118604D,1960-08-25,2018-04-22,,Active
433,Male,Mr.,Justin,Sanchez,CD481442D,1950-10-14,2017-03-26,,Deferred
434,Female,Dr.,Veronica,King,LM150883B,1967-01-29,1991-04-06,,Retired
435,Female,Dr.,Linda,Boyd,ST569358D,1966-08-04,1989-11-05,,Deferred
436,Male,Mr.,Richard,Sanchez,EF565237B,1940-02-06,1959-08-31,,Retired
437,Male,Mr.,Thomas,Levy,ST556327B,1985-02-20,2005-11-29,,Retired
438,Female,Mrs.,Emily,Escobar,ST724489D,1975-01-26,1993-09-13,,Deferred
439,Female,Dr.,Nicole,Sims,JK779232B,1993-08-19,2024-07-03,,Active
440,Male,Dr.,Adam,Odom,WX645645D,1967-07-20,2011-11-10,2020-11-19,Active
441,Male,Dr.,Michael,Foster,WX460262C,1967-05-26,2011-03-17,,Deferred
442,Female,Dr.,Christine,Hall,QR716992D,1942-02-03,1993-03-24,,Active
443,Male,Mr.,Jason,Mccarthy,AB420993A,1933-11-05,2008-09-11,,Retired
444,Male,Dr.,Stephen,Diaz,NP969871D,1990-08-16,2011-04-23,,Active
445,Male,Mr.,Chad,Suarez,EF767729A,1942-07-21,1984-04-29,,Active
446,Male,Mr.,Douglas,Hayes,EF243980D,2003-01-16,2022-01-26,,Deferred
447,Male,Mr.,Steven,Hodges,YZ107207A,1956-06-02,1997-10-16,,Retired
448,Female,Mrs.,Jamie,Velazquez,ST229245B,1919-01-03,1965-06-28,,Deferred
449,Female,Dr.,Carla,Hale,YZ623621B,1943-08-04,2008-04-01,,Active
450,Male,Mr.,Brian,Taylor,LM845500A,1983-03-31,2023-10-09,,Deferred
451,Female,Mrs.,Melissa,Rogers,QR439718A,1927-01-28,1977-04-18,,Active
452,Female,Mrs.,Crystal,Hernandez,GH238833A,1987-02-23,2007-08-17,,Deferred
453,Female,Mrs.,Maureen,Choi,NP807777A,2000-02-21,2019-03-14,,Retired
454,Female,Dr.,Amber,Barton,EF035210B,1960-03-03,1993-10-14,2022-11-21,Retired
455,Female,Dr.,Sherri,Stuart,WX784817C,1953-01-01,1986-01-24,1990-10-10,Deferred
456,Male,Mr.,Steven,Johnson,EF430873C,1960-11-21,1982-05-30,1989-06-23,Active
457,Male,Dr.,Samuel,Middleton,NP506814A,1934-04-24,2006-01-17,,Active
458,Male,Mr.,Patrick,Miller,YZ435694B,1975-09-28,2014-06-01,,Retired
459,Female,Mrs.,Julie,Fischer,JK651716C,1922-05-22,1985-02-09,,Active
460,Female,Ms.,Angela,Williams,ST023580D,1930-04-24,1969-02-11,,Active
461,Male,Mr.,Charles,Lee,EF748686B,2004-04-08,2023-03-23,,Deferred
462,Male,Dr.,John,Allen,LM003097C,1918-04-21,1938-03-24,,Deferred
463,Female,Ms.,Crystal,Thomas,AB947588B,1949-07-01,1993-03-14,2000-06-02,Deferred
464,Male,Mr.,George,Gould,EF102119A,1950-10-25,1998-01-03,,Active
465,Female,Mrs.,Robin,Nguyen,LM281357A,1980-07-08,2016-03-24,,Deferred
466,Female,Mrs.,Toni,Reeves,ST876070A,2002-12-04,2022-01-26,,Retired
467,Male,Dr.,Jose,Lee,GH016865C,1977-05-05,1999-11-20,,Retired
468,Male,Mr.,Brian,Green,EF760505D,1994-03-24,2018-12-17,,Retired
469,Female,Mrs.,Barbara,Coffey,YZ864864A,1934-05-30,1969-04-05,,Retired
470,Male,Mr.,Bryan,Walker,WX970375A,2000-07-22,2024-08-24,,Deferred
471,Female,Dr.,Dorothy,Willis,YZ376538B,1938-01-16,1976-05-23,,Retired
472,Female,Mrs.,Sonya,Hogan,WX794745A,1993-01-08,2013-03-23,,Retired
473,Male,Mr.,Ryan,Donovan,JK123258A,1975-02-12,1997-11-12,,Retired
474,Male,Mr.,Derek,Ramirez,QR568040B,1921-01-02,1972-07-02,,Deferred
475,Male,Dr.,Carlos,Rice,AB553691A,1926-03-28,1998-06-25,2003-01-05,Deferred
476,Male,Mr.,Jeffrey,Avila,NP907611C,1970-04-18,2004-12-17,,Deferred
477,Male,Mr.,Christopher,Ball,GH294768C,1979-08-10,2020-08-12,,Retired
478,Male,Mr.,Billy,Mcdonald,JK417371C,1978-08-06,2005-02-18,,Retired
479,Male,Mr.,Miguel,Lopez,AB657930D,1977-01-20,2021-02-21,,Active
480,Male,Mr.,Justin,Espinoza,CD501189B,1946-11-24,1983-09-07,2020-09-27,Retired
481,Female,Dr.,Angela,Jenkins,EF117575A,1943-03-18,1977-12-05,,Retired
482,Male,Mr.,Derrick,Lopez,NP835028A,1973-03-13,1992-01-11,,Active
483,Male,Mr.,James,Singh,WX888070B,2001-04-06,2023-12-04,,Deferred
484,Female,Dr.,Kimberly,Keller,AB309091C,1942-08-18,2007-08-15,,Deferred
485,Male,Mr.,Jason,Smith,YZ217472D,2001-11-23,2022-07-23,,Deferred
486,Male,Dr.,Daniel,Gallagher,NP983097D,1928-11-04,1989-09-28,,Retired
487,Female,Mrs.,Brenda,Collins,LM606548C,2002-01-08,2021-08-19,,Retired
488,Female,Miss,Brittany,Fuller,EF781562A,1929-09-08,1981-12-12,,Active
489,Female,Mrs.,Samantha,Robertson,NP821155B,1927-08-14,1946-07-06,,Deferred
490,Male,Mr.,Jake,Romero,YZ741845C,1947-07-07,2018-01-08,,Retired
491,Male,Mr.,Trevor,Zhang,NP155484B,1928-10-16,1949-01-07,2017-12-05,Retired
492,Female,Dr.,Sarah,Reynolds,CD027442B,1984-02-15,2016-05-22,,Retired
493,Male,Mr.,Jeffrey,Fitzgerald,GH331141C,1991-01-16,2018-09-10,2021-10-28,Retired
494,Female,Mrs.,Alison,Miller,CD985242A,1926-04-13,1949-02-20,,Retired
495,Male,Dr.,Robert,Huynh,NP751356B,1984-05-16,2022-12-23,2024-11-13,Deferred
496,Female,Mrs.,Christina,Fields,AB111087C,1919-08-09,1968-02-15,,Retired
497,Male,Mr.,Shawn,Wood,QR822120B,1922-05-21,1943-05-09,,Deferred
498,Female,Dr.,Tammy,Acosta,YZ085670C,1962-02-27,2005-09-11,,Active
499,Male,Mr.,Tyler,Vargas,QR671561D,1951-07-11,2009-06-07,,Retired
500,Male,Dr.,Shaun,Patterson,LM198440D,1950-10-02,1992-09-22,,Retired
501,Female,Ms.,Jamie,Reynolds,AB655513D,1969-09-03,2008-01-28,,Retired
502,Female,Mrs.,Elizabeth,Smith,WX133662A,2006-11-07,2024-11-30,2024-12-06,Retired
503,Male,Mr.,Eric,Rodriguez,GH958430A,1963-07-31,2007-03-06,,Retired
504,Male,Mr.,Matthew,Romero,LM022796B,1978-08-21,2020-06-11,,Deferred
505,Male,Mr.,Gary,Rodriguez,NP804584C,1935-12-20,2004-12-04,,Deferred
506,Female,Mrs.,Sherri,Keller,LM430997A,2003-05-13,2024-04-02,,Deferred
507,Female,Miss,Mary,Grant,YZ603746D,1989-01-30,2023-04-21,,Active
508,Male,Dr.,Gregory,Griffin,GH921670C,1923-06-05,1971-07-12,,Retired
509,Male,Dr.,Thomas,Hanson,AB127202A,1953-12-28,1980-05-01,,Active
510,Female,Mrs.,Tamara,Calhoun,ST750108D,1974-04-06,2005-11-09,,Active
511,Female,Mrs.,Barbara,Rhodes,WX717129D,1986-01-12,2012-07-08,,Deferred
512,Male,Mr.,Robert,Thomas,ST437237D,1953-07-19,2012-07-19,,Retired
513,Female,Mrs.,Denise,Fernandez,NP799236B,1934-10-24,2004-03-16,,Deferred
514,Female,Dr.,Deborah,Sellers,JK283208C,1988-09-24,2015-08-15,,Retired
515,Male,Mr.,Chase,Martin,EF411379D,2003-09-06,2022-02-11,2024-05-10,Active
516,Male,Mr.,Justin,Beltran,WX347204B,1978-02-15,2022-11-09,,Deferred
517,Male,Mr.,Justin,Howard,YZ143728A,1969-09-04,2007-09-02,,Deferred
518,Female,Mrs.,Amber,Pratt,GH223884A,1941-02-19,1984-07-22,,Deferred
519,Female,Dr.,Cindy,Freeman,LM510657D,2007-01-23,2025-01-27,,Retired
520,Female,Mrs.,Michelle,Patel,LM649699D,1960-12-14,1985-02-18,,Retired
521,Male,Dr.,Matthew,Delacruz,QR788622A,2001-08-22,2023-05-23,,Active
522,Male,Mr.,Larry,Harrison,AB149225D,1943-09-12,1996-02-10,,Retired
523,Male,Dr.,Michael,Kane,QR542280C,1956-06-20,1991-11-02,,Deferred
524,Male,Mr.,Kevin,Simon,EF431364B,1992-05-04,2017-11-10,,Retired
525,Male,Mr.,Jordan,Butler,EF751033D,1973-04-21,2008-01-18,,Deferred
526,Female,Miss,Allison,Richardson,LM282200C,1915-08-22,1973-05-27,,Active
527,Female,Dr.,Anna,Thompson,LM322976A,1983-07-03,2010-12-17,,Deferred
528,Male,Dr.,Andrew,Young,ST673365A,1985-09-10,2008-04-25,,Active
529,Female,Mrs.,Michelle,Wright,NP819550B,1988-07-21,2019-12-10,,Deferred
530,Female,Mrs.,Jasmine,Smith,GH531862C,1995-11-09,2014-04-07,,Deferred
531,Female,Dr.,Angela,Kelly,LM993544B,1960-01-22,2006-04-14,,Active
532,Female,Dr.,Jessica,Mitchell,NP933408D,1944-06-10,2008-12-30,,Retired
533,Female,Mrs.,Brandi,Hamilton,YZ717218D,1951-02-11,1976-10-02,,Active
534,Male,Dr.,Adam,Cisneros,EF586611B,1980-04-11,2019-11-08,,Active
535,Female,Mrs.,Kristi,Hart,LM899387B,1936-06-02,2008-06-22,,Active
536,Male,Mr.,Andrew,Saunders,AB914759A,1973-08-13,1996-09-17,,Retired
537,Male,Mr.,Shaun,Mcintosh,AB362328D,1931-07-02,2000-11-29,,Retired
538,Female,Mrs.,April,Ryan,QR641461A,1983-02-09,2001-08-27,,Active
539,Female,Dr.,Ashley,Leonard,QR059034B,1990-02-12,2021-10-24,,Deferred
540,Male,Mr.,Vincent,Lopez,LM192317B,1915-08-19,1935-08-27,,Active
541,Female,Ms.,Erica,Cummings,ST770353D,1946-12-16,2006-02-21,,Retired
542,Female,Dr.,Catherine,Martin,EF172940B,1966-03-24,2022-09-14,,Active
543,Male,Mr.,William,Bishop,ST740627A,1961-02-09,1999-05-21,,Deferred
544,Male,Dr.,David,Doyle,QR837595A,1915-08-11,1969-04-28,,Active
545,Female,Mrs.,Laura,Le,YZ871402B,1944-01-09,1964-03-26,,Deferred
546,Male,Mr.,Jose,Hess,GH355748C,1992-12-11,2022-09-28,,Deferred
547,Male,Mr.,Michael,Hoffman,NP602522A,1943-05-14,1965-06-03,,Active
548,Male,Mr.,Eric,Johnson,QR246105C,1916-11-13,1966-10-15,,Deferred
549,Female,Dr.,Kendra,Newton,ABC123,1977-02-18,2023-01-16,,Retired
550,Female,Mrs.,Summer,Kane,CD084547A,1985-07-02,2023-04-10,,Deferred
551,Female,Dr.,Amanda,Ramirez,QR526000B,1942-11-09,1967-06-26,,Retired
552,Female,Mrs.,Julie,Smith,ST839998B,2001-10-21,2024-08-21,,Active
553,Male,Dr.,Adam,Kelley,JK270625D,2006-09-21,2025-02-20,,Deferred
554,Male,Mr.,Michael,Deleon,YZ436477D,2003-08-20,2024-04-24,,Active
555,Female,Dr.,Melissa,Baker,NP136243A,1960-02-28,2019-06-28,,Deferred
556,Female,Mrs.,Kimberly,Hamilton,YZ716766B,1988-11-12,2008-11-04,2013-11-15,Active
557,Female,Mrs.,Kim,Howard,ST053183A,1921-10-20,1970-03-16,2005-10-24,Retired
558,Male,Dr.,Brian,Stanton,ST460246A,1917-05-19,1985-02-12,,Deferred
559,Female,Mrs.,Sarah,Harris,QR365948B,1926-09-09,1974-02-16,,Retired
560,Male,Dr.,Charles,Knox,ST721765A,1976-05-14,2016-10-09,,Retired
561,Female,Ms.,Courtney,Mccullough,CD051416B,1940-10-18,1968-04-06,,Retired
562,Female,Dr.,Rebecca,Marshall,AB382601B,1916-02-25,1961-12-02,,Deferred
563,Female,Dr.,Ashley,Acosta,WX125906B,1999-04-18,2021-12-30,,Deferred
564,Male,Mr.,Mark,Hamilton,GH793813C,2004-07-05,2024-01-28,,Deferred
565,Male,Dr.,Justin,Smith,NP897755D,1939-03-03,1960-11-18,,Retired
566,Female,Dr.,Emily,Oliver,NP631321D,2006-07-31,2024-10-06,,Retired
567,Male,Mr.,David,Olson,JK037838A,1933-06-25,1967-02-09,,Deferred
568,Male,Mr.,Christian,Johnson,QR508172A,2004-10-12,2024-12-15,,Active
569,Female,Miss,Tracy,Ellis,NP273846D,1944-05-08,1971-10-27,,Retired
570,Male,Dr.,Troy,Burgess,AB858137D,1930-02-21,1988-05-20,,Active
571,Female,Miss,Patricia,Martinez,NP710456A,1927-07-26,1973-05-25,,Retired
572,Male,Dr.,Anthony,Brown,ST844988B,1969-06-07,2001-10-12,,Deferred
573,Female,Ms.,Sabrina,Moreno,YZ275953B,1951-01-29,1977-04-14,,Deferred
574,Male,Mr.,Kristopher,Daugherty,QR676404D,1972-03-01,1997-01-30,,Active
575,Female,Dr.,Victoria,Horton,CD201334D,1930-10-15,2002-12-15,,Retired
576,Female,Mrs.,Kayla,Martin,LM954386A,1944-03-04,2013-11-20,2024-11-19,Deferred
577,Male,Dr.,Gabriel,Wilson,EF243595C,1974-10-16,2019-04-02,,Deferred
578,Female,Mrs.,Elizabeth,Thompson,EF216316D,1968-08-14,2013-11-07,,Active
579,Female,Ms.,Patricia,Johnson,LM609054B,1932-08-15,2005-02-14,,Retired
580,Male,Mr.,Zachary,Meyers,LM384019C,1929-09-20,1980-09-25,,Active
581,Female,Dr.,Morgan,Jackson,ST058064C,1930-11-26,1953-04-16,,Active
582,Male,Dr.,Steven,Rocha,GH045023B,1980-06-30,2024-02-13,,Retired
583,Female,Mrs.,Melissa,Hall,ST467708B,1917-09-07,1963-07-07,,Retired
584,Female,Dr.,Sarah,Hall,EF407778B,1936-03-09,2007-01-04,,Deferred
585,Male,Mr.,Richard,Andrews,EF461401B,1966-12-02,2018-04-20,,Retired
586,Male,Dr.,Brent,Brown,CD026626B,1935-06-11,1989-02-01,,Deferred
587,Male,Mr.,Samuel,Coleman,ST213260C,1997-06-22,2023-02-20,2023-04-30,Retired
588,Male,Dr.,Dennis,Ellison,QR361238D,1921-06-18,1992-06-10,,Retired
589,Male,Dr.,Christopher,Gross,WX068139A,1983-03-10,2003-02-25,,Retired
590,Male,Mr.,Brandon,Price,LM574972C,1944-02-09,2005-11-26,,Active
591,Male,Mr.,Henry,Cunningham,AB122877A,2000-12-10,2019-08-14,,Retired
592,Male,Dr.,Travis,Wright,YZ022231B,1994-02-22,2023-12-06,,Retired
593,Female,Miss,April,Garcia,EF908504B,1998-10-03,2024-09-21,,Retired
594,Male,Mr.,Christopher,Landry,ST862043B,2006-10-23,2025-02-11,,Retired
595,Female,Ms.,Ruth,Farley,LM756383C,1941-10-21,1993-10-20,,Active
596,Male,Dr.,Harold,Jones,LM273985C,1965-01-27,2001-02-02,,Active
597,Male,Mr.,Nathan,Farley,LM435905D,1970-11-18,2011-06-05,,Deferred
598,Male,Mr.,Daniel,Thomas,GH119054A,1962-06-25,1982-06-15,,Retired
599,Female,Ms.,Robin,Richards,WX741739B,1917-02-24,1990-08-16,,Retired
600,Male,Dr.,David,Henderson,JK843066D,1947-01-30,1997-03-02,,Deferred
601,Female,Dr.,Kimberly,Davis,JK913464C,1962-09-29,1982-01-01,,Retired
602,Male,Dr.,Jacob,Martinez,LM169582D,1955-03-11,1977-10-08,,Retired
603,Male,Dr.,Benjamin,Bryant,LM188938A,1972-08-31,2016-06-21,,Deferred
604,Male,Mr.,Mark,Meyers,YZ585892C,1991-06-17,2014-10-28,,Retired
605,Male,Dr.,Matthew,Pham,ST732898A,1983-01-08,2018-11-21,2021-12-24,Deferred
606,Male,Mr.,Raymond,Roberts,WX868855B,1917-11-20,1984-09-16,,Deferred
607,Male,Mr.,David,Chavez,ST029868D,1930-01-24,1998-09-12,,Active
608,Male,Mr.,Anthony,Ruiz,GH007547C,1991-01-31,2011-12-07,,Active
609,Female,Ms.,Lauren,Lewis,GH504215B,1994-07-22,2024-07-18,,Retired
610,Male,Dr.,Kevin,Hammond,JK926014A,1996-01-22,2023-11-21,,Retired
611,Female,Ms.,Dawn,Williams,CD671263A,1949-04-16,2020-10-13,2024-09-04,Active
612,Female,Dr.,Alexis,Jackson,ST187887A,1948-12-31,1971-10-11,,Retired
613,Female,Mrs.,Stacy,Lucero,WX953661C,1978-06-01,2016-08-22,,Active
614,Male,Mr.,David,Jacobs,NP429247B,1944-04-04,1995-03-24,,Retired
615,Female,Mrs.,Mary,Palmer,CD707577B,1948-08-07,1984-06-16,2011-07-18,Deferred
616,Female,Mrs.,Shelby,Sims,LM298521B,1974-12-20,2008-02-04,,Active
617,Male,Mr.,Jonathan,Taylor,YZ235315C,1951-01-15,2017-07-13,,Retired
618,Male,Mr.,Martin,Roy,CD885596A,2004-03-01,2022-11-28,,Deferred
619,Male,Mr.,Andrew,Finley,AB238261D,1985-10-01,2016-11-02,,Deferred
620,Female,Dr.,Leah,Jacobs,NP804984B,1956-06-07,1988-07-16,,Active
621,Female,Dr.,Mary,Young,GH574675D,1923-11-12,1986-09-12,,Deferred
622,Female,Mrs.,Kimberly,Williams,GH765289C,1965-07-07,2006-08-22,,Deferred
623,Male,Mr.,Timothy,Mendoza,GH205272D,1991-12-01,2010-09-03,,Active
624,Female,Mrs.,Kristen,Mayo,CD308297A,1959-06-06,1988-11-25,,Deferred
625,Female,Mrs.,Emily,Moran,QR551991D,1947-02-12,1973-07-15,,Deferred
626,Male,Dr.,Robert,Gutierrez,LM397657C,1991-01-03,2011-08-10,,Active
627,Female,Miss,Nicole,Clark,YZ392827A,1950-09-18,2021-04-12,,Retired
628,Male,Mr.,Thomas,Webb,YZ142345B,1973-11-05,2020-06-20,,Deferred
629,Male,Dr.,Jeffrey,Jordan,CD767453D,1992-07-08,2017-05-11,,Retired
630,Male,Mr.,Brady,Washington,ST289277A,2005-05-30,2024-07-07,,Active
631,Female,Mrs.,Kathryn,Espinoza,NP072829C,1964-01-20,2015-10-01,,Retired
632,Female,Miss,Tabitha,Farmer,GH086821C,1932-06-29,1950-12-21,1992-02-24,Deferred
633,Male,Dr.,Roberto,Kane,NP725188B,1917-01-17,1956-07-28,,Deferred
634,Female,Mrs.,Leslie,Smith,YZ468932C,1919-05-28,1987-06-03,2018-06-03,Deferred
635,Female,Mrs.,Kimberly,Caldwell,WX619315A,1987-09-02,2024-04-13,,Retired
636,Female,Dr.,Melanie,Alexander,CD341658B,1930-09-20,1990-12-03,,Deferred
637,Male,Mr.,Jason,Parker,GH333305A,1952-06-18,1998-04-14,,Deferred
638,Male,Dr.,Willie,Jenkins,GH581721A,1926-12-02,1966-06-08,,Active
639,Female,Mrs.,Carla,Mitchell,YZ191033C,1927-04-12,1946-01-27,2005-05-27,Active
640,Male,Mr.,Matthew,Wade,QR059961A,1931-10-15,1950-11-25,,Active
641,Male,Mr.,Michael,Collins,AB685125B,1989-09-22,2012-04-07,,Active
642,Female,Dr.,Rose,Garrett,AB569316B,1936-04-06,1964-09-23,,Active
643,Male,Mr.,Matthew,Jenkins,QR601586B,1996-07-29,2015-03-23,,Deferred
644,Male,Mr.,Robert,Brennan,EF973072B,1952-04-02,1998-02-05,,Deferred
645,Female,Dr.,Samantha,Campbell,QR282116A,2005-02-18,2023-06-08,,Active
646,Female,Mrs.,Susan,Davis,NP198655C,1948-06-30,2017-09-02,,Retired
647,Female,Mrs.,Jennifer,Valencia,ST695106C,1928-08-10,1973-07-07,,Active
648,Male,Mr.,Zachary,Pierce,LM225628C,1918-08-23,1937-04-18,,Active
649,Female,Mrs.,Lisa,Gilbert,CD767080A,1963-06-30,2018-10-28,2023-01-31,Active
650,Female,Miss,Carrie,Frazier,CD653928C,1974-08-21,2024-08-07,,Retired
651,Male,Dr.,Mitchell,Walton,QR661512A,1955-02-01,2005-12-15,2019-05-14,Retired
652,Male,Mr.,Marc,Campos,LM098039A,2002-03-11,2024-02-02,,Active
653,Male,Dr.,Justin,Perez,LM406358D,1978-07-17,2000-04-17,2005-03-24,Retired
654,Female,Miss,Theresa,Rios,WX576592C,1949-04-19,2007-07-03,,Deferred
655,Male,Mr.,Shawn,Morris,AB518990B,1971-05-01,1996-01-22,,Active
656,Male,Dr.,Dylan,Jones,YZ829002C,1989-04-17,2016-05-28,2017-11-10,Active
657,Male,Mr.,Daniel,Freeman,WX148724C,1979-07-06,2000-01-13,,Deferred
658,Male,Dr.,Jeffrey,Torres,YZ127965A,1966-09-07,2005-08-23,,Retired
659,Male,Dr.,Scott,Wilson,YZ638505C,2003-06-10,2022-02-14,,Deferred
660,Female,Mrs.,Monica,Peterson,JK035024C,1974-09-10,2023-11-17,,Retired
661,Male,Mr.,Timothy,Parker,QR329428C,2001-07-08,2020-01-22,2024-05-18,Deferred
662,Male,Mr.,Juan,Gutierrez,ST357484B,1989-11-29,2024-12-26,,Deferred
663,Male,Mr.,Kyle,Robinson,NP711000D,1940-11-13,1967-05-09,1973-05-29,Active
664,Male,Mr.,Michael,Powell,JK798206A,1955-11-13,1982-12-17,,Retired
665,Female,Dr.,Rachel,Powell,LM664896B,1936-02-06,1955-12-31,,Deferred
666,Female,Dr.,Lisa,Valdez,AB839351C,1989-01-13,2012-01-10,,Deferred
667,Female,Mrs.,Rebecca,Hendricks,GH540414B,1956-07-04,1981-09-15,,Deferred
668,Female,Dr.,Krista,Bryant,AB791467B,1990-02-24,2023-07-28,,Retired
669,Female,Mrs.,Amy,Gibbs,LM646601A,1992-10-09,2015-10-04,,Retired
670,Male,Mr.,Jeffrey,Bernard,JK891098C,1950-08-25,1979-10-20,,Retired
671,Male,Dr.,Andrew,Jackson,JK712127C,1996-05-05,2015-06-07,2022-07-15,Deferred
672,Male,Dr.,Dustin,White,EF446038D,1925-02-27,1944-09-18,,Active
673,Male,Dr.,Matthew,Brown,JK661878B,1920-12-12,1995-01-03,,Retired
674,Female,Dr.,Allison,Lewis,YZ762522A,1962-01-10,1990-03-06,,Retired
675,Male,Mr.,Lawrence,Joseph,WX305718A,1990-12-03,2023-07-30,,Active
676,Male,Mr.,Dalton,Miller,CD481736C,1934-02-06,1986-08-04,,Deferred
677,Female,Mrs.,Sylvia,Brown,CD063340D,1921-07-29,1972-01-10,,Deferred
678,Female,Dr.,Veronica,Smith,NP899379B,1974-10-01,1998-10-08,,Retired
679,Male,Mr.,Kenneth,Miller,CD157956D,1932-06-22,1991-06-05,,Deferred
680,Male,Dr.,Brandon,Phillips,NP086250C,1933-11-17,2008-06-19,,Active
681,Female,Miss,Kathy,Gonzalez,ST545796B,1993-10-19,2020-11-23,,Retired
682,Female,Mrs.,Jessica,Torres,EF944936A,1918-09-01,1945-02-02,,Active
683,Male,Mr.,Aaron,Hernandez,ST455270C,1992-09-23,2014-11-30,,Deferred
684,Female,Mrs.,Alexis,West,GH344196B,1973-04-06,2005-05-07,,Retired
685,Female,Miss,Amanda,Rodriguez,CD802937A,1943-08-05,2015-04-07,,Retired
686,Female,Dr.,Adriana,Carlson,QR018137A,1918-06-30,1987-06-10,,Retired
687,Female,Dr.,Wanda,Braun,JK396418D,1951-11-20,1976-09-27,2024-12-12,Active
688,Female,Dr.,Tracey,Roy,CD432825D,1973-11-05,2000-07-24,,Retired
689,Female,Ms.,Stacey,Baldwin,QR219424B,1968-11-16,1992-10-22,2012-07-01,Deferred
690,Female,Mrs.,Kim,Miller,EF375349A,1921-03-20,1953-11-18,,Deferred
691,Male,Mr.,Robert,Butler,YZ842796B,1915-04-18,1962-08-19,,Deferred
692,Male,Mr.,Scott,Barton,NP669559D,1964-07-25,1991-12-27,,Retired
693,Male,Mr.,Charles,Stephens,NP384404A,1972-07-07,1992-10-02,,Retired
694,Female,Dr.,Jennifer,Davis,GH338948C,1937-09-15,1965-05-05,,Active
695,,Dr.,Melissa,Olson,LM187326B,1956-01-03,2000-04-22,,Deferred
696,Female,Miss,Erin,Delgado,NP725523C,1999-02-23,2024-08-18,,Deferred
697,Female,Mrs.,Laura,Roman,YZ945595A,1973-11-14,1999-12-05,,Deferred
698,Male,Dr.,Mark,Williams,EF230954C,1936-08-02,2002-08-24,,Retired
699,Female,Mrs.,Amy,Brown,WX255086D,1966-04-30,1992-05-03,,Retired
700,Male,Mr.,Joshua,Johnson,CD039970D,2005-02-09,2024-01-16,,Deferred
701,Female,Miss,Rachel,Pace,NP362439B,1977-12-03,2009-08-12,2017-01-23,Deferred
702,Female,Dr.,Taylor,Smith,ST379810A,1969-05-05,2010-05-27,,Deferred
703,Male,Dr.,Christopher,Mcneil,ST074866B,1960-06-05,1989-07-13,,Active
704,Male,Mr.,Thomas,Shannon,ST366533D,2004-11-16,2024-12-02,2025-02-06,Active
705,Female,Ms.,Stacey,Fernandez,QR894866C,1940-01-16,1991-01-07,,Deferred
706,Male,Mr.,David,Johnson,GH387317A,1916-11-19,1954-09-07,1989-01-02,Active
707,Male,Mr.,Justin,Brown,ST268034D,1982-06-19,2022-01-15,,Deferred
708,Male,Mr.,Nicholas,Dennis,JK056359C,1925-01-11,1974-11-24,,Active
709,Female,Mrs.,Kayla,Cox,ST317211B,1994-02-25,2022-04-11,,Deferred
710,Female,Miss,Jamie,Martin,EF163813A,1916-06-20,1935-11-12,,Deferred
711,Male,Mr.,Travis,Fitzgerald,QR668869B,1969-02-18,1997-02-25,2020-11-06,Active
712,Female,Dr.,Jennifer,Oconnor,YZ059452D,1917-08-31,1966-09-25,,Retired
713,Male,Dr.,Christopher,Hernandez,CD479151D,1920-06-19,1957-08-23,,Retired
714,Male,Mr.,James,Massey,WX926458C,1988-01-15,2024-08-20,,Retired
715,Female,Dr.,Hannah,Moody,GH756159C,1970-11-17,2002-03-09,,Retired
716,Male,Mr.,Eric,Johnson,LM682686A,1969-12-25,1997-08-12,,Retired
717,Female,Ms.,Jessica,Long,JK072292D,1987-01-20,2010-11-07,,Retired
718,Male,Dr.,David,Brown,LM776023D,1938-02-10,1973-08-03,,Retired
719,Female,Mrs.,Dawn,Jackson,JK351086D,1963-03-18,2005-02-06,,Retired
720,Female,Ms.,Heather,Deleon,LM472930B,1986-11-02,2016-02-01,,Retired
721,Female,Mrs.,April,Johnson,CD567799B,1954-09-30,1996-11-06,,Retired
722,Male,Mr.,William,Mcdaniel,LM032756A,1944-05-10,1987-11-13,,Active
723,Female,Mrs.,Nicole,Jones,GH550548C,1989-04-13,2015-04-25,,Active
724,Male,Mr.,Russell,Howard,QR016931A,1954-02-04,1972-09-29,,Active
725,Male,Mr.,John,Williams,YZ272315D,1981-05-01,2016-01-31,,Retired
726,Male,Dr.,Alexander,Jones,CD510395A,1998-01-16,2018-02-12,,Deferred
727,Female,Ms.,Caitlin,Case,JK507244C,1935-12-30,2007-03-21,,Active
728,Female,Mrs.,Samantha,Mcdowell,WX926387B,1967-08-09,2010-05-07,,Active
729,Male,Dr.,Jeremy,Stevenson,GH999280C,1933-09-21,1956-10-31,1983-11-21,Retired
730,Male,Mr.,Eric,Underwood,LM102100B,1946-04-21,1987-08-07,,Active
731,Female,Dr.,Christina,Villegas,LM175879A,1983-02-19,2002-02-04,,Active
732,Male,Dr.,Anthony,Reed,ST648968D,1982-07-17,2017-09-09,,Active
733,Male,Mr.,Ivan,Ryan,CD865316B,1938-05-31,2009-12-03,2012-02-16,Active
734,Female,Ms.,Julia,Peterson,ST406837C,1996-09-25,2022-06-20,2023-03-24,Deferred
735,Female,Dr.,Jane,Martinez,GH107263D,1970-11-06,2011-08-21,,Active
736,Male,Mr.,Jacob,Hess,EF465036C,1953-09-05,2002-10-24,,Retired
737,Female,Mrs.,Briana,Wheeler,GH578046A,1981-08-09,2005-04-21,2017-10-15,Active
738,Female,Mrs.,Jocelyn,Gallegos,AB034609A,1944-05-01,2006-01-01,,Deferred
739,Female,Mrs.,Sarah,Hunt,GH844326B,1975-08-04,2024-11-19,2024-11-25,Active
740,Male,Mr.,Ryan,Spence,GH518081A,1939-12-19,2004-06-24,2008-07-26,Retired
741,Female,Dr.,Kimberly,Daugherty,ST600055A,1985-07-27,2004-06-25,,Retired
742,Female,Mrs.,Rebecca,Wright,NP142919C,1945-02-17,1987-10-05,,Deferred
743,Female,Mrs.,Maria,Miller,LM264132A,1958-12-03,1994-06-02,,Retired
744,Male,Mr.,Colin,Brooks,ST736532D,1972-06-02,2018-09-10,,Deferred
745,Male,Mr.,Troy,Griffin,YZ852538A,1982-02-10,2018-09-10,,Retired
746,Male,Mr.,Jerry,Molina,NP747364D,1921-05-07,1972-10-04,,Active
747,Male,Mr.,James,Fitzgerald,QR359751A,1943-11-06,2013-10-03,,Deferred
748,Female,Ms.,Andrea,Jennings,YZ600746D,1941-12-25,1992-04-10,,Retired
749,Female,Mrs.,Nicole,Wood,AB293612B,1958-03-14,2005-08-04,,Retired
750,Female,Mrs.,Kaitlin,Lopez,ST413972B,2002-11-02,2022-02-24,,Active
751,Male,Dr.,Mark,Ramirez,YZ970037A,1990-08-10,2017-07-02,2024-06-18,Active
752,Male,Mr.,David,Ryan,CD687884C,1934-12-17,1962-03-09,,Retired
753,Male,Mr.,Andrew,King,LM423211B,1964-11-21,2015-07-12,,Deferred
754,Male,Mr.,Robert,Wilkins,QR665908D,1958-08-10,2023-08-13,,Active
755,Male,Mr.,Michael,Dunn,GH910496C,1990-04-02,2019-06-17,,Active
756,Male,Mr.,Timothy,Li,YZ297810D,1976-01-21,2015-04-21,,Active
757,Female,Dr.,Marissa,Brooks,EF329715B,1988-11-17,2011-06-23,,Active
758,Male,Mr.,Robert,Martinez,CD460758C,1956-07-07,2003-01-04,,Deferred
759,Male,Mr.,Scott,Davis,YZ400132B,1956-04-12,2021-10-27,,Deferred
760,Female,Mrs.,Laura,Brown,GH122343C,1979-04-19,2023-05-19,,Active
761,Female,Mrs.,Pamela,White,JK393785C,1971-10-25,2006-11-27,,Retired
762,Female,Miss,Jennifer,Day,GH476672D,1926-12-09,1948-02-20,1988-01-23,Deferred
763,Male,Mr.,Scott,Thomas,YZ978181D,1942-10-03,1986-05-17,,Active
764,Female,Mrs.,Mary,Murray,QR842003A,1988-02-09,2015-09-09,,Retired
765,Male,Mr.,William,Martin,YZ042537C,1946-10-28,1978-12-13,,Active
766,Female,Mrs.,Bonnie,Rollins,EF718776B,1990-09-03,2012-02-28,,Retired
767,Female,Mrs.,Caitlyn,Nichols,WX018830D,1918-07-04,1944-10-11,1983-05-13,Retired
768,Male,Mr.,David,Ramirez,YZ951867C,2002-11-06,2021-06-24,,Active
769,Female,Miss,Carolyn,Williams,GH365407D,1967-03-05,2022-03-05,,Active
770,Male,Mr.,Michael,Lee,QR222533C,2002-05-26,2024-04-22,,Deferred
771,Female,Mrs.,Rachel,Wong,ST477425B,2005-12-24,2024-09-07,,Retired
772,Female,Dr.,Ashley,Mcconnell,LM285495D,2002-08-18,2024-12-18,,Retired
773,Male,Mr.,Jonathan,Phillips,QR018476D,1919-08-23,1954-11-23,,Deferred
774,Female,Dr.,Gina,Salas,YZ635748B,1996-06-18,2018-05-28,,Deferred
775,Male,Mr.,Jackson,Bailey,CD104536B,1988-10-25,2012-10-30,,Active
776,Female,Mrs.,Elizabeth,Estes,CD197270D,1974-12-27,2017-04-16,,Deferred
777,Female,Dr.,Grace,Jackson,YZ881158D,1949-03-06,2014-08-11,,Deferred
778,Female,Mrs.,Jennifer,Pena,JK900458C,1947-06-02,1978-10-30,,Active
779,Male,Mr.,Joseph,Fox,LM204393C,1978-07-28,2007-01-15,,Active
780,Female,Ms.,Danielle,Keller,ST948623B,1917-05-09,1964-12-29,,Deferred
781,Female,Mrs.,Lauren,Walker,YZ989619B,1932-05-13,1992-05-23,,Active
782,Female,Dr.,Kristen,Hernandez,LM857053A,1915-10-14,1987-05-13,,Deferred
783,Female,Dr.,Tammy,Thomas,ST105802C,1923-09-27,1950-12-25,,Deferred
784,Male,Mr.,Jared,Wade,QR271550A,1984-02-01,2024-06-28,,Active
785,Female,Dr.,Shari,Douglas,QR939822D,1938-08-17,1975-05-08,,Deferred
786,Male,Mr.,Joseph,Nunez,LM532947D,1982-05-07,2014-07-21,2019-09-21,Retired
787,Male,Mr.,Kevin,Clark,YZ081106B,1998-01-09,2023-06-10,,Active
788,Female,Miss,Jill,Collins,JK190301D,1933-06-04,1959-03-19,,Retired
789,Male,Mr.,James,Davis,ST152086C,1966-09-30,1985-09-18,,Retired
790,Male,Dr.,Justin,Andrews,LM839332C,1961-10-28,2019-06-08,,Deferred
791,Female,Mrs.,Rebecca,Howell,NP182667A,1935-07-05,2007-11-19,,Deferred
792,Male,Mr.,Larry,Skinner,QR937181C,1929-01-25,1998-06-22,,Retired
793,Female,Dr.,Haley,Salas,EF647303C,1987-09-03,2023-08-14,,Active
794,Male,Dr.,Paul,Thomas,EF431989A,1981-07-29,2002-11-28,,Retired
795,Male,Dr.,Daniel,Ray,QR470534A,1922-12-01,1944-04-09,,Active
796,Female,Dr.,Deborah,Martinez,NP823025B,2000-01-28,2020-08-17,,Deferred
797,Female,Mrs.,Nicole,Williamson,YZ678186A,1969-04-08,1993-12-31,,Active
798,Male,Dr.,Ricky,Erickson,AB881014C,1949-06-15,1980-01-22,,Active
799,Female,Mrs.,Gabrielle,Davis,ST588327D,1979-12-07,2006-06-29,,Retired
800,Female,Dr.,Melissa,Patel,JK114814A,1920-01-02,1972-09-13,,Retired
801,Male,Mr.,Andre,Flowers,NP116823B,1933-11-19,1978-11-11,,Deferred
802,Female,Mrs.,Cynthia,Clayton,CD534842A,1984-01-09,2014-07-03,,Deferred
803,Male,Mr.,James,Turner,EF616058A,1970-03-16,1998-01-23,,Active
804,Female,Dr.,Lindsey,Reese,ST245109A,1939-05-24,1989-02-17,,Active
805,Female,Mrs.,Teresa,Boone,AB412217D,1961-11-11,1996-03-28,,Retired
806,Female,Ms.,Taylor,Munoz,EF726632C,1920-12-22,1949-10-26,,Retired
807,Female,Mrs.,Lori,Carey,QR308438C,1928-10-28,1993-04-12,,Retired
808,Male,Mr.,Brandon,Mora,QR245680C,1989-02-24,2010-10-29,,Retired
809,Female,Mrs.,Mary,Kelly,NP710630D,1998-03-13,2019-06-21,,Deferred
810,Male,Mr.,Adam,Phillips,AB336565B,1998-11-26,2017-02-18,,Deferred
811,Male,Dr.,Philip,Williams,AB536295C,2006-02-19,2024-07-05,,Deferred
812,Female,Mrs.,Jamie,Nelson,ST777205C,1929-05-20,1990-01-28,,Active
813,Female,Mrs.,Kelly,Farmer,YZ061083C,1983-01-25,2019-10-24,2022-03-11,Deferred
814,Male,Dr.,Thomas,Alvarez,CD911247A,1916-12-06,1966-05-13,,Active
815,Female,Mrs.,Amanda,Lopez,EF070121A,1958-03-26,1988-05-18,,Active
816,Male,Mr.,Wayne,Williams,WX642066C,1971-10-16,1997-04-09,,Active
817,Female,Dr.,Taylor,Romero,LM684071B,1942-02-02,2002-12-03,,Deferred
818,Male,Mr.,Alexander,Burnett,LM053689A,2006-06-07,2024-08-27,2024-09-13,Retired
819,Female,Dr.,Raven,Morrison,NP315652B,1931-10-13,1992-02-17,2009-11-18,Active
820,Female,Ms.,Jaime,Robertson,LM198768A,2000-03-27,2020-04-10,,Deferred
821,Male,Dr.,Anthony,Wilson,NP910735D,1931-07-07,1956-01-27,1969-11-14,Active
822,Female,Ms.,Tina,Roberts,WX981493B,1970-07-02,2002-05-11,,Retired
823,Female,Dr.,Jennifer,Hooper,QR699990A,1941-11-12,1974-07-31,,Deferred
824,Female,Dr.,Amanda,Bender,QR762082B,2005-04-05,2023-07-27,,Active
825,Male,Dr.,James,Griffin,EF197412A,1999-11-20,2021-06-18,,Active
826,Male,Mr.,Justin,Evans,GH771481D,1943-01-23,1982-02-28,2007-01-29,Deferred
827,Female,Dr.,Ashley,Rodriguez,WX827828B,2004-09-24,2023-06-16,,Deferred
828,Female,Mrs.,Margaret,Riley,NP590935B,1973-09-02,2007-11-23,,Deferred
829,Male,Mr.,Keith,Smith,LM949046B,1936-11-20,2005-07-05,,Deferred
830,Female,Mrs.,Jessica,Daniel,CD033387C,2001-09-09,2023-06-11,,Active
831,Male,Mr.,Daniel,Newman,JK814473A,1930-03-19,1992-03-10,,Active
832,Female,Mrs.,Tracy,King,CD416004D,1948-10-16,1994-11-11,,Deferred
833,Male,Mr.,John,Lane,JK198665B,1984-02-04,2021-03-03,,Deferred
834,Female,Dr.,Sharon,Gallegos,NP703671D,1931-11-23,1995-07-31,,Deferred
835,Male,Dr.,Thomas,Moreno,GH628862B,2006-09-16,2025-01-12,,Deferred
836,Female,Dr.,Brianna,Wu,AB717284C,1943-07-11,1981-06-24,2015-05-26,Retired
837,Male,Mr.,Joseph,Campbell,YZ370315D,1937-12-27,1962-11-02,,Retired
838,Male,Mr.,Aaron,Brown,WX529478D,1976-07-25,2007-06-23,,Deferred
839,Male,Mr.,Jason,Brandt,JK914872A,1977-12-25,1999-05-26,,Active
840,Female,Mrs.,Victoria,Murray,EF057271C,1999-11-10,2022-05-18,,Deferred
841,Male,Mr.,Robert,Yang,GH034119A,1918-04-03,1985-09-15,,Deferred
842,Male,Dr.,Jeffrey,Christensen,QR692868C,1921-05-29,1954-07-28,,Active
843,Male,Mr.,Brian,Richards,GH865786C,1916-11-26,1982-12-17,,Active
844,Male,Dr.,Donald,Snyder,WX173810A,1967-10-30,1997-03-19,,Retired
845,Male,Mr.,Kyle,Thompson,GH572911C,1939-01-01,1995-06-03,,Retired
846,Female,Mrs.,Susan,Smith,GH547008B,1966-05-09,1996-04-22,,Deferred
847,Female,Mrs.,Bonnie,Roth,QR491915C,1925-06-15,1965-08-10,,Deferred
848,Male,Dr.,Eric,Hudson,ST774433B,2006-12-12,2024-12-29,,Active
849,Male,Dr.,David,Bender,JK028250A,1985-01-14,2023-12-17,,Deferred
850,Male,Mr.,James,Morrison,NP958775A,1972-10-30,2007-01-16,,Active
851,Male,Dr.,John,Valencia,GH160046B,1970-07-19,1995-01-20,2001-07-02,Deferred
852,Female,Mrs.,Theresa,Kelly,QR687137B,1916-02-01,1971-09-22,,Active
853,Male,Dr.,Travis,Jackson,GH227706B,1928-01-17,1962-04-13,,Retired
854,Female,Dr.,Tabitha,Phillips,YZ763131B,1953-03-31,2004-01-25,,Active
855,Female,Mrs.,Rachael,Richardson,LM736974C,1950-12-14,2001-06-20,,Retired
856,Female,Dr.,Ashley,Shaffer,EF412327C,1932-05-06,1952-11-18,1962-02-02,Deferred
857,Male,Dr.,Thomas,Perry,QR547308D,1950-01-11,2024-11-06,,Retired
858,Female,Mrs.,Maria,Perez,GH954586A,1956-07-03,2018-10-28,,Retired
859,Female,Ms.,Kelly,Conner,NP800372A,1985-06-19,2023-11-12,,Deferred
860,Male,Mr.,William,Estrada,QR335145A,1936-05-25,1969-02-10,,Deferred
861,Male,Mr.,Johnny,Delgado,CD528336B,1963-05-01,2020-01-04,,Active
862,Female,Mrs.,Danielle,Weber,EF780303A,1976-03-22,1997-03-06,,Active
863,Male,Mr.,Allen,Ellison,YZ548957C,1957-01-22,2000-09-01,,Retired
864,Male,Mr.,Alexander,Flowers,NP837318D,1924-05-20,1980-03-09,,Active
865,Male,Mr.,Tom,Smith,WX117555C,1953-08-03,2016-04-08,,Deferred
866,Female,Miss,Elizabeth,Larson,LM312047C,1952-07-22,2020-05-02,2025-01-26,Active
867,Female,Mrs.,Rita,Hughes,GH996672D,1988-10-13,2020-07-06,2024-09-12,Deferred
868,Female,Mrs.,Morgan,Woodward,NP861621A,1943-08-09,1972-02-06,,Retired
869,Female,Mrs.,Bonnie,Franklin,QR361437C,1937-04-14,1985-12-14,,Deferred
870,Female,Mrs.,Sandra,Russell,QR444887B,1959-06-09,1998-02-26,2024-04-09,Retired
871,Female,Miss,Alexis,Lee,CD490778A,1973-07-17,2023-04-13,,Deferred
872,Male,Dr.,Larry,Gutierrez,NP325051A,1988-11-22,2011-12-17,,Retired
873,Male,Mr.,Walter,Gardner,JK732365A,1934-07-11,1988-09-14,,Retired
874,Female,Miss,Cynthia,Johnson,YZ861663A,1989-02-27,2012-08-21,,Active
875,Female,Mrs.,Rhonda,Mason,JK648093D,1935-08-28,1978-12-08,,Retired
876,Female,Ms.,Natalie,Goodman,EF627341C,1947-12-17,2008-05-18,2013-08-31,Active
877,Female,Dr.,Sarah,Young,JK819129B,1966-08-13,1997-09-03,,Active
878,Female,Dr.,Sarah,Rivas,AB073552B,1991-10-31,2010-12-14,,Deferred
879,Male,Mr.,Harold,Barajas,NP821971D,2006-06-03,2024-08-04,,Active
880,Male,Dr.,Miguel,Wilson,CD068392A,1919-06-14,1945-01-29,,Deferred
881,Male,Mr.,Christopher,Jones,NP873884A,1944-03-02,1979-02-20,,Active
882,Male,Mr.,Matthew,Jenkins,NP776740B,1999-01-31,2023-02-07,,Retired
883,Male,Dr.,Kirk,Hudson,LM483635B,1951-03-06,1979-03-29,1994-06-08,Deferred
884,Female,Ms.,Christy,Thompson,WX185978A,1985-04-23,2007-06-11,2009-01-14,Retired
885,Male,Mr.,Brandon,Yu,WX456542C,1969-11-06,2001-12-29,,Deferred
886,Male,Mr.,Charles,Barrett,GH440352D,1932-06-19,1973-02-24,,Active
887,Female,Miss,Rachel,Lee,CD501142D,2000-08-12,2019-12-05,,Deferred
888,Female,Mrs.,Vicki,Rodriguez,QR132696C,1991-01-09,2010-06-05,,Deferred
889,Male,Dr.,Chris,Rocha,LM963451D,1915-11-22,1977-11-19,2014-10-20,Retired
890,Male,Mr.,Brady,Bryant,YZ262981D,1955-08-27,1978-12-16,,Deferred
891,Male,Dr.,David,Hanson,JK155345D,1927-08-26,1949-06-21,,Active
892,Female,Dr.,Laura,Cook,WX572792D,1981-09-11,2021-04-29,,Deferred
893,Female,Mrs.,Samantha,Franklin,CD710657D,1932-12-15,1989-08-17,,Deferred
894,Female,Dr.,Karla,Hendricks,GH516588C,2004-10-11,2023-05-06,,Deferred
895,Female,Ms.,Kristin,Jones,LM046109D,1971-12-16,1997-11-18,,Active
896,Female,Mrs.,Barbara,Farley,LM483677A,1973-09-02,2001-11-04,,Active
897,Male,Mr.,Anthony,Morris,JK102478D,1928-03-16,2000-12-24,,Retired
898,Male,Dr.,Phillip,Williams,CD481660D,1934-07-03,1982-10-04,,Deferred
899,Female,Mrs.,Tina,Hansen,NP702400D,1964-11-23,2023-12-27,,Deferred
900,Female,Dr.,Stephanie,Gentry,YZ483057B,1999-11-17,2024-06-26,,Active
901,Female,Dr.,Kimberly,Hutchinson,CD614355C,1987-11-19,2010-03-25,,Retired
902,Female,Mrs.,Brooke,Bass,LM143217A,1963-07-25,2014-06-19,,Deferred
903,Female,Miss,Lori,Perez,NP815490B,1940-01-06,2012-11-03,,Deferred
904,Male,Dr.,Jeffrey,Phillips,YZ742085A,1916-10-19,1981-10-17,,Active
905,Male,Mr.,Terry,Bell,EF250917A,1979-10-14,2010-09-01,,Deferred
906,Male,Mr.,Cory,Phillips,AB730571B,1982-04-20,2006-12-16,,Retired
907,Female,Miss,Andrea,Kelly,EF956833C,1963-05-17,2005-05-15,,Active
908,Female,Mrs.,Melissa,Martin,WX238671D,1941-10-26,1961-10-07,,Active
909,Male,Mr.,Tommy,Robbins,QR381254B,1946-02-08,1979-07-25,,Deferred
910,Male,Mr.,Jordan,Cooper,YZ429764D,1972-08-23,1997-09-23,,Retired
911,Male,Dr.,Michael,Rosales,GH698517C,1962-06-10,2019-05-24,,Active
912,Male,Mr.,Maurice,Thomas,WX450963A,1930-03-24,1995-01-31,,Active
913,Female,Mrs.,Pamela,Hutchinson,GH445253A,1958-05-23,2006-09-05,,Active
914,Male,Mr.,Raymond,Carter,CD452926D,1989-10-03,2018-06-03,,Retired
915,Male,Mr.,Brian,Jones,AB574176A,1923-12-13,1994-12-01,,Active
916,Male,Dr.,Thomas,Mcgrath,CD202241B,1935-12-23,1975-06-10,,Deferred
917,Male,Dr.,Jared,Glover,JK941893D,1998-10-30,2019-02-18,,Retired
918,Male,Mr.,Matthew,Jones,NP155968D,1968-07-10,2015-08-28,,Deferred
919,Female,Mrs.,Sylvia,Hudson,JK773418C,1977-12-25,1999-07-12,,Deferred
920,Male,Mr.,Douglas,Barnes,CD095276B,1928-05-29,1949-02-15,,Retired
921,Female,Mrs.,Michele,Galloway,ST203966C,1944-06-01,2008-11-21,,Retired
922,Male,Mr.,Timothy,Stein,LM992884A,1980-04-11,2019-07-20,,Retired
923,Female,Mrs.,Bonnie,Martinez,WX216716B,1921-10-04,1946-09-16,1954-09-17,Deferred
924,Female,Mrs.,Megan,Ballard,LM913202D,1925-11-06,1985-09-10,,Deferred
925,Male,Mr.,Jonathan,Huang,QR469578A,1965-12-30,2024-11-25,,Active
926,Female,Miss,Angela,Nguyen,YZ309484A,1941-06-15,2014-08-19,,Deferred
927,Female,Mrs.,Allison,Sellers,WX025604A,1973-12-22,2009-02-28,,Deferred
928,Male,Mr.,Zachary,Caldwell,WX627465D,1950-06-12,2018-03-11,2019-10-21,Active
929,Female,Mrs.,Meredith,White,LM035693C,1980-09-24,2014-02-23,,Deferred
930,Male,Mr.,Phillip,Ramos,AB735226C,1996-10-22,2024-01-09,,Active
931,Male,Mr.,Garrett,Moore,AB447906C,1960-06-19,2022-12-08,,Active
932,Male,Mr.,David,Mendoza,JK375109D,1915-05-11,1934-08-06,,Deferred
933,Female,Ms.,Samantha,Alvarez,AB608733A,1987-03-13,2011-12-18,,Active
934,Male,Mr.,Christopher,Wright,LM880775C,1977-10-10,2009-10-31,,Active
935,Female,Mrs.,Alyssa,Johnson,QR265754C,1920-10-24,1989-01-30,,Retired
936,Female,Mrs.,Jennifer,Foster,JK829844A,1954-01-10,1974-08-30,,Deferred
937,Male,Dr.,Aaron,Chandler,CD418134B,1972-04-02,2017-08-28,,Deferred
938,Male,Mr.,James,Shea,EF405297C,1987-07-31,2017-02-15,,Active
939,Female,Dr.,Carla,Smith,LM478330A,1925-11-15,1964-05-05,1973-04-24,Deferred
940,Male,Mr.,Gary,Fisher,ST231516A,1928-03-03,1974-11-24,,Retired
941,Female,Dr.,Sara,Waters,JK357914D,1995-07-04,2015-11-22,2016-01-15,Retired
942,Male,Dr.,Kenneth,Tyler,LM722003A,1927-08-23,2001-03-11,,Active
943,Female,Mrs.,Kristy,Stone,QR282467B,1929-11-02,1984-07-05,,Retired
944,Male,Dr.,Joshua,Miller,QR006774A,1977-07-16,1997-12-11,,Retired
945,Male,Dr.,Matthew,Young,AB920378C,1968-03-17,2021-05-22,,Deferred
946,Male,Mr.,James,Rowe,WX222153D,1954-04-10,2020-09-03,,Retired
947,Male,Mr.,David,Short,YZ988473A,1984-04-24,2024-05-27,,Active
948,Female,Mrs.,Regina,Goodman,CD124193D,1955-09-04,2015-01-23,,Deferred
949,Female,Ms.,Tracy,Rodriguez,ST874563B,1949-12-13,1976-06-30,,Active
950,Male,Mr.,David,Mays,CD157965D,1921-04-20,1941-01-10,,Active
951,Male,Mr.,Alan,Ramos,JK139897A,1931-05-09,1954-05-19,,Retired
952,Male,Dr.,Ethan,Ochoa,GH350937A,2005-05-09,2024-04-12,2024-04-15,Deferred
953,Male,Mr.,Michael,May,WX572792D,1925-05-12,1978-04-29,,Deferred
954,Female,Miss,Megan,Williams,AB297751D,1971-09-13,2002-01-08,,Deferred
955,Female,Mrs.,Barbara,Rose,QR451080D,1967-06-05,2024-05-28,,Deferred
956,Female,Ms.,Brittany,Clark,JK795363C,1964-11-04,1991-06-12,2004-11-26,Retired
957,Male,Dr.,Joseph,Steele,WX823891A,1957-06-07,2019-06-23,,Active
958,Male,Mr.,James,Woods,GH505258A,1951-10-19,2017-04-05,2023-01-11,Deferred
959,Female,Mrs.,Molly,Roberts,YZ807018B,1943-10-19,2012-12-02,,Retired
960,Female,Mrs.,Shannon,Russell,NP879361D,1991-10-15,2015-12-06,,Active
961,Male,Dr.,Andrew,Vaughn,JK911274C,1940-04-24,2014-08-26,2021-05-30,Deferred
962,Male,Mr.,Adam,Mejia,JK639766D,1957-03-09,2005-01-12,2009-12-24,Active
963,Male,Mr.,Scott,Potter,EF162377B,1937-12-01,1964-10-12,,Retired
964,Female,Ms.,Anita,Jordan,LM896493A,1979-04-20,1999-12-31,,Active
965,Male,Mr.,Calvin,Harris,NP632600C,1918-02-01,1950-01-23,,Inactive
966,Male,Dr.,Kenneth,Stevens,YZ787936B,1964-02-18,2003-04-20,,Retired
967,Female,Mrs.,Jessica,Johnson,JK829334A,2001-10-21,2024-03-11,,Deferred
968,Female,Dr.,Heather,Scott,QR706258A,2005-03-10,2024-08-10,,Retired
969,Male,Mr.,Benjamin,Cochran,AB524851A,1940-02-15,2008-06-04,,Retired
970,Female,Miss,Ashley,Lang,YZ047338C,1997-09-19,2024-10-20,,Retired
971,Female,Dr.,Jasmine,Bartlett,GH391029A,1983-02-23,2021-03-06,,Deferred
972,Male,Mr.,Anthony,Hodges,QR196670D,1982-09-29,2002-11-13,,Deferred
973,Female,Mrs.,Christina,Nguyen,NP650779C,1932-08-31,1964-09-07,,Active
974,Male,Dr.,Gary,Armstrong,GH802711A,1988-02-08,2013-11-10,,Retired
975,Male,Mr.,Joshua,Becker,AB641766B,2000-10-16,2022-08-23,,Retired
976,Female,Dr.,Amy,Morales,GH307458B,1931-06-27,1992-02-23,,Active
977,Female,Dr.,Heather,Nguyen,NP015400C,1966-02-16,1994-04-23,,Retired
978,Female,Dr.,Shelby,Davis,AB226510B,1964-05-11,2007-09-05,,Active
979,Male,Mr.,Herbert,Orr,CD522334A,1922-10-05,1958-12-04,,Retired
980,Female,Mrs.,Tina,Vance,QR362101A,1928-01-09,1997-08-13,,Deferred
981,Male,Dr.,Robert,Carlson,NP530390B,1923-11-24,1951-05-04,,Active
982,Male,Mr.,Daniel,Norton,EF355654B,1922-10-14,1962-06-22,,Retired
983,Male,Dr.,Chris,Lopez,GH585597C,1983-11-15,2015-02-05,,Retired
984,Female,Miss,Margaret,Lawson,QR834558C,1916-09-02,1964-05-22,,Deferred
985,Female,Dr.,Amanda,Miller,WX394255B,1923-01-22,1941-10-08,,Active
986,Male,Dr.,George,Sanchez,EF154405D,1983-04-03,2017-05-13,,Retired
987,Female,Ms.,Sonya,Henry,QR876287C,1971-01-25,2011-07-27,,Deferred
988,Male,Dr.,Tyler,Ritter,QR487394C,1917-07-31,1946-12-02,,Deferred
989,Female,Mrs.,Andrea,Fowler,CD905765B,1950-11-03,1993-07-05,,Active
990,Male,Mr.,Michael,Johnson,QR712888A,1917-03-23,1984-06-24,,Retired
991,Male,Dr.,Christopher,Golden,GH209632A,1944-11-09,2006-07-20,,Active
992,Female,Ms.,Anna,Murray,CD007050A,1979-07-18,2010-12-23,,Retired
993,Female,Dr.,Claire,Wolf,WX970248B,1977-02-05,1995-05-22,,Active
994,Male,Dr.,Jason,Roberts,EF690472B,1925-08-19,1988-08-01,1992-07-01,Active
995,Female,Miss,Taylor,Atkins,AB134952D,1989-10-30,2019-11-15,,Active
996,Male,Mr.,John,Kennedy,ST574249C,2004-11-04,2024-08-30,,Deferred
997,Female,Mrs.,Jamie,Baker,EF701667C,1954-06-04,2012-12-19,,Deferred
998,Male,Mr.,Gabriel,Meyers,QR677672D,1975-04-13,2003-01-21,2015-01-19,Retired
999,Male,Dr.,John,Anthony,WX476951A,1992-06-01,2015-07-22,,Deferred
1000,Male,Mr.,Fernando,Clark,QR210058C,1969-10-30,2013-06-06,,Deferred
